,Onboarded Sites,,,,,,,
,,,,,,,,
,,,,,,,,
,Source,https://docs.google.com/spreadsheets/d/1xXlnLsxweaGSdWNXy65PnSYpX88U50IskttHrJrbs9M/edit?gid=0#gid=0,,,,,,
,,Filter G > Yes,,,,,,
,,,,,,,,
,Site Phase,Rx ID,Rx Site,Brand,Px Agreed to Site?,Site Onboarded?,,
,Existing Sites (P1 & P2 Launch),23512,0131 - Fulham - 363 Fulham Road - PizzaExpress,PizzaExpress,Yes,Yes,,6
,Existing Sites (P1 & P2 Launch),23527,0141 - London - Notting Hill Gate - PizzaExpress,PizzaExpress,Yes,Yes,,6
,Existing Sites (P1 & P2 Launch),23502,0191 - Clapham - Lavender Hill - PizzaExpress,PizzaExpress,Yes,Yes,,11
,Existing Sites (P1 & P2 Launch),22725,0201 - Teddington - Waldegrave Road - PizzaExpress,PizzaExpress,Yes,Yes,,8
,Existing Sites (P1 & P2 Launch),22908,0231 - Highgate - High Street - PizzaExpress,PizzaExpress,Yes,Yes,,8
,Existing Sites (P1 & P2 Launch),23513,0241 - Fulham - 895 Fulham Road - PizzaExpress,PizzaExpress,Yes,Yes,,13
,Existing Sites (P1 & P2 Launch),24221,0251 - Oxford - Golden Cross - PizzaExpress,PizzaExpress,Yes,Yes,,4
,Existing Sites (P1 & P2 Launch),49140,0271 - South Woodford - High Road - PizzaExpress,PizzaExpress,Yes,Yes,,12
,Existing Sites (P1 & P2 Launch),22715,0311 - Wimbledon - High Street - PizzaExpress,PizzaExpress,Yes,Yes,,8
,Existing Sites (P1 & P2 Launch),23496,0341 - Beckenham - High Street - PizzaExpress,PizzaExpress,Yes,Yes,,12
,Existing Sites (P1 & P2 Launch),23497,0351 - Bromley - Widmore Road - PizzaExpress,PizzaExpress,Yes,Yes,,10
,Existing Sites (P1 & P2 Launch),29638,0381 - Bath - Theatre Royal - PizzaExpress,PizzaExpress,Yes,Yes,,7
,Existing Sites (P1 & P2 Launch),77924,0391 - Basingstoke - Winchester Road - PizzaExpress,PizzaExpress,Yes,Yes,,4
,Existing Sites (P1 & P2 Launch),22718,0401 - Richmond - Red Lion Street - PizzaExpress,PizzaExpress,Yes,Yes,,6
,Existing Sites (P1 & P2 Launch),45247,0411 - Camberley - Park Street - PizzaExpress,PizzaExpress,Yes,Yes,,7
,Existing Sites (P1 & P2 Launch),45909,0421 - Chichester - South Street - PizzaExpress,PizzaExpress,Yes,Yes,,5
,Existing Sites (P1 & P2 Launch),21519,0441 - Nottingham - King Street - PizzaExpress,PizzaExpress,Yes,Yes,,8
,Existing Sites (P1 & P2 Launch),29205,0461 - Canterbury - Best Lane - PizzaExpress,PizzaExpress,Yes,Yes,,5
,Existing Sites (P1 & P2 Launch),22776,0501 - Belfast - Bedford Street - PizzaExpress,PizzaExpress,Yes,Yes,,6
,Existing Sites (P1 & P2 Launch),22726,0531 - Twickenham - York Street - PizzaExpress,PizzaExpress,Yes,Yes,,6
,Existing Sites (P1 & P2 Launch),55045,0541 - Colchester - St Runwald Street - PizzaExpress,PizzaExpress,Yes,Yes,,4
,Existing Sites (P1 & P2 Launch),21518,0551 - Guildford - High Street - PizzaExpress,PizzaExpress,Yes,Yes,,5
,Existing Sites (P1 & P2 Launch),24846,0571 - York - Museum Street - PizzaExpress,PizzaExpress,Yes,Yes,,9
,Existing Sites (P1 & P2 Launch),35303,0591 - Reigate - High Street - PizzaExpress,PizzaExpress,Yes,Yes,,5
,Existing Sites (P1 & P2 Launch),46789,0601 - Walton on Thames - New Zealand Avenue - PizzaExpress,PizzaExpress,Yes,Yes,,7
,Existing Sites (P1 & P2 Launch),48847,0621 - Stanmore - Broadway - PizzaExpress,PizzaExpress,Yes,Yes,,6
,Existing Sites (P1 & P2 Launch),23135,0631 - Norwich - St Benedict Street - PizzaExpress,PizzaExpress,Yes,Yes,,13
,Existing Sites (P1 & P2 Launch),28964,0641 - Chelmsford - Moulsham Street - PizzaExpress,PizzaExpress,Yes,Yes,,9
,Existing Sites (P1 & P2 Launch),22915,0651 - Belsize Park - Haverstock Hill - PizzaExpress,PizzaExpress,Yes,Yes,,13
,Existing Sites (P1 & P2 Launch),23505,0671 - Ealing - Bond Street - PizzaExpress,PizzaExpress,Yes,Yes,,10
,Existing Sites (P1 & P2 Launch),24189,0711 - Leamington Spa - The Parade - PizzaExpress,PizzaExpress,Yes,Yes,,8
,Existing Sites (P1 & P2 Launch),26375,0741 - Tunbridge Wells - High Street - PizzaExpress,PizzaExpress,Yes,Yes,,5
,Existing Sites (P1 & P2 Launch),53763,0751 - Hitchin - Market Place - PizzaExpress,PizzaExpress,Yes,Yes,,5
,Existing Sites (P1 & P2 Launch),22909,0761 - London - Baker Street - PizzaExpress,PizzaExpress,Yes,Yes,,8
,Existing Sites (P1 & P2 Launch),186693,0771 - Farnham - Castle Street - PizzaExpress,PizzaExpress,Yes,Yes,,8
,Existing Sites (P1 & P2 Launch),23501,0781 - Clapham - Abbeville Road - PizzaExpress,PizzaExpress,Yes,Yes,,5
,Existing Sites (P1 & P2 Launch),49414,0811 - Southgate - Chaseside - PizzaExpress,PizzaExpress,Yes,Yes,,10
,Existing Sites (P1 & P2 Launch),98140,0871 - Eastbourne - Cornfield Road - PizzaExpress,PizzaExpress,Yes,Yes,,4
,Existing Sites (P1 & P2 Launch),23504,0931 - Dulwich - Village - PizzaExpress,PizzaExpress,Yes,Yes,,16
,Existing Sites (P1 & P2 Launch),358125,0961 - Henley - Market Place - PizzaExpress,PizzaExpress,Yes,Yes,,4
,Existing Sites (P1 & P2 Launch),180638,1051 - Wokingham - Broad Street - PizzaExpress,PizzaExpress,Yes,Yes,,4
,Existing Sites (P1 & P2 Launch),47516,1061 - Bexleyheath - Broadway - PizzaExpress,PizzaExpress,Yes,Yes,,11
,Existing Sites (P1 & P2 Launch),22917,1081 - Camden - Parkway - PizzaExpress,PizzaExpress,Yes,Yes,,9
,Existing Sites (P1 & P2 Launch),48841,1091 - Barnet - High Street - PizzaExpress,PizzaExpress,Yes,Yes,,8
,Existing Sites (P1 & P2 Launch),7494,1113111 - Bella Italia Pizza & Pasta - Birmingham New Street,Bella Italia,Yes,Yes,,13
,Existing Sites (P1 & P2 Launch),11319,1113177 - Bella Italia Pizza & Pasta - Oxford George Street,Bella Italia,Yes,Yes,,5
,Existing Sites (P1 & P2 Launch),22719,1131 - East Sheen - Upper Richmond Road - PizzaExpress,PizzaExpress,Yes,Yes,,9
,Existing Sites (P1 & P2 Launch),48947,1141 - Epsom - South Street - PizzaExpress,PizzaExpress,Yes,Yes,,5
,Existing Sites (P1 & P2 Launch),22911,1181 - London - Islington - PizzaExpress,PizzaExpress,Yes,Yes,,8
,Existing Sites (P1 & P2 Launch),324248,1211 - Loughton - High Road - PizzaExpress,PizzaExpress,Yes,Yes,,6
,Existing Sites (P1 & P2 Launch),23520,1231 - Mill Hill - The Broadway - PizzaExpress,PizzaExpress,Yes,Yes,,10
,Existing Sites (P1 & P2 Launch),23525,1241 - Muswell Hill - Broadway - PizzaExpress,PizzaExpress,Yes,Yes,,12
,Existing Sites (P1 & P2 Launch),71226,1271 - Ruislip - High Street - PizzaExpress,PizzaExpress,Yes,Yes,,8
,Existing Sites (P1 & P2 Launch),25862,1281 - St Albans - Verulam Road - PizzaExpress,PizzaExpress,Yes,Yes,,4
,Existing Sites (P1 & P2 Launch),23531,1291 - Shepherds Bush - Rockley Road - PizzaExpress,PizzaExpress,Yes,Yes,,11
,Existing Sites (P1 & P2 Launch),24583,1351 - Watford - High Street - PizzaExpress,PizzaExpress,Yes,Yes,,7
,Existing Sites (P1 & P2 Launch),44382,1381 - Woking - Goldsworth Road - PizzaExpress,PizzaExpress,Yes,Yes,,5
,Existing Sites (P1 & P2 Launch),22714,1401 - Chiswick - High Road - PizzaExpress,PizzaExpress,Yes,Yes,,12
,Existing Sites (P1 & P2 Launch),22720,1411 - Putney - Upper Richmond Road - PizzaExpress,PizzaExpress,Yes,Yes,,10
,Existing Sites (P1 & P2 Launch),23541,1431 - Wandsworth - Trinity Road - PizzaExpress,PizzaExpress,Yes,Yes,,10
,Existing Sites (P1 & P2 Launch),26700,1441 - Windsor - Thames Street - PizzaExpress,PizzaExpress,Yes,Yes,,12
,Existing Sites (P1 & P2 Launch),301276,1451 - Radlett - Watling Street - PizzaExpress,PizzaExpress,Yes,Yes,,4
,Existing Sites (P1 & P2 Launch),22913,1471 - St Johns Wood - Abbey Road - PizzaExpress,PizzaExpress,Yes,Yes,,13
,Existing Sites (P1 & P2 Launch),270810,1541 - Tonbridge - High Street - PizzaExpress,PizzaExpress,Yes,Yes,,8
,Existing Sites (P1 & P2 Launch),23534,1561 - Stratford East - Theatre Square - PizzaExpress,PizzaExpress,Yes,Yes,,11
,Existing Sites (P1 & P2 Launch),48839,1571 - Banstead - High Street - PizzaExpress,PizzaExpress,Yes,Yes,,5
,Existing Sites (P1 & P2 Launch),24691,1581 - Cardiff - High Street - PizzaExpress,PizzaExpress,Yes,Yes,,8
,Existing Sites (P1 & P2 Launch),25141,1601 - London - Kings Road - PizzaExpress,PizzaExpress,Yes,Yes,,18
,Existing Sites (P1 & P2 Launch),36233,1611 - Horsham - East Street - PizzaExpress,PizzaExpress,Yes,Yes,,4
,Existing Sites (P1 & P2 Launch),46788,1631 - Weybridge - Monument Hill - PizzaExpress,PizzaExpress,Yes,Yes,,7
,Existing Sites (P1 & P2 Launch),47517,1651 - Sidcup - Elm Parade Shopping Centre - PizzaExpress,PizzaExpress,Yes,Yes,,10
,Existing Sites (P1 & P2 Launch),335082,1761 - Godalming - High Street - PizzaExpress,PizzaExpress,Yes,Yes,,3
,Existing Sites (P1 & P2 Launch),25143,1821 - London - Tower Bridge - PizzaExpress,PizzaExpress,Yes,Yes,,10
,Existing Sites (P1 & P2 Launch),23530,1831 - London - Pimlico - PizzaExpress,PizzaExpress,Yes,Yes,,9
,Existing Sites (P1 & P2 Launch),186702,1861 - Harpenden - High Street - PizzaExpress,PizzaExpress,Yes,Yes,,7
,Existing Sites (P1 & P2 Launch),23437,1891 - Didsbury - Lapwing Lane - PizzaExpress,PizzaExpress,Yes,Yes,,10
,Existing Sites (P1 & P2 Launch),25147,1901 - Blackheath - Tranquil Vale - PizzaExpress,PizzaExpress,Yes,Yes,,10
,Existing Sites (P1 & P2 Launch),23856,1951 - Hove - Church Road - PizzaExpress,PizzaExpress,Yes,Yes,,3
,Existing Sites (P1 & P2 Launch),172835,1961 - Maidenhead - Bridge Street - PizzaExpress,PizzaExpress,Yes,Yes,,7
,Existing Sites (P1 & P2 Launch),25144,1991 - London - London Bridge - PizzaExpress,PizzaExpress,Yes,Yes,,6
,Existing Sites (P1 & P2 Launch),23517,2011 - London - Kennington Road - PizzaExpress,PizzaExpress,Yes,Yes,,19
,Existing Sites (P1 & P2 Launch),23538,2031 - London - Victoria Street - PizzaExpress,PizzaExpress,Yes,Yes,,5
,Existing Sites (P1 & P2 Launch),71214,2131 - West Wickham - High Street - PizzaExpress,PizzaExpress,Yes,Yes,,8
,Existing Sites (P1 & P2 Launch),22721,2141 - Barnes - High Street - PizzaExpress,PizzaExpress,Yes,Yes,,5
,Existing Sites (P1 & P2 Launch),342869,2151 - Amersham - Sycamore Road - PizzaExpress,PizzaExpress,Yes,Yes,,4
,Existing Sites (P1 & P2 Launch),180635,2171 - Welwyn Garden City - Howardsgate - PizzaExpress,PizzaExpress,Yes,Yes,,4
,Existing Sites (P1 & P2 Launch),23358,2211 - Hale - Ashley Road - PizzaExpress,PizzaExpress,Yes,Yes,,4
,Existing Sites (P1 & P2 Launch),27038,2311 - Harborne - High Street - PizzaExpress,PizzaExpress,Yes,Yes,,13
,Existing Sites (P1 & P2 Launch),25148,2341 - Greenwich - Church Street - PizzaExpress,PizzaExpress,Yes,Yes,,23
,Existing Sites (P1 & P2 Launch),25145,2351 - London - Royal Festival Hall - PizzaExpress,PizzaExpress,Yes,Yes,,9
,Existing Sites (P1 & P2 Launch),25027,2531 - Leeds - Street Lane - PizzaExpress,PizzaExpress,Yes,Yes,,10
,Existing Sites (P1 & P2 Launch),22722,2551 - Wimbledon - The Broadway - PizzaExpress,PizzaExpress,Yes,Yes,,7
,Existing Sites (P1 & P2 Launch),186685,2601 - Newbury - Market Place - PizzaExpress,PizzaExpress,Yes,Yes,,5
,Existing Sites (P1 & P2 Launch),22918,2671 - London - Euston Road - PizzaExpress,PizzaExpress,Yes,Yes,,6
,Existing Sites (P1 & P2 Launch),22885,2701 - Portsmouth - Gunwharf Quays Designer Outlet - PizzaExpress,PizzaExpress,Yes,Yes,,7
,Existing Sites (P1 & P2 Launch),71227,2811 - Worcester Park - Central Road - PizzaExpress,PizzaExpress,Yes,Yes,,5
,Existing Sites (P1 & P2 Launch),48809,2831 - Romford - The Brewery Shopping Centre - PizzaExpress,PizzaExpress,Yes,Yes,,7
,Existing Sites (P1 & P2 Launch),280416,2851 - London - Bishopsgate - PizzaExpress,PizzaExpress,Yes,Yes,,24
,Existing Sites (P1 & P2 Launch),172833,2871 - Braintree - Designer Village - PizzaExpress,PizzaExpress,Yes,Yes,,7
,Existing Sites (P1 & P2 Launch),23118,2881 - Cambridge - Regent Street - PizzaExpress,PizzaExpress,Yes,Yes,,4
,Existing Sites (P1 & P2 Launch),23136,2901 - Norwich - Forum Events Centre - PizzaExpress,PizzaExpress,Yes,Yes,,10
,Existing Sites (P1 & P2 Launch),49211,2951 - Hampton Court - Creek Road - PizzaExpress,PizzaExpress,Yes,Yes,,6
,Existing Sites (P1 & P2 Launch),23175,3031 - Salford Quays - Designer Outlet - PizzaExpress,PizzaExpress,Yes,Yes,,8
,Existing Sites (P1 & P2 Launch),1116,"3113001 - Banana Tree Thai, Vietnamese, Vegan - Maida Vale",Banana Tree,Yes,Yes,,13
,Existing Sites (P1 & P2 Launch),421,"3113002 - Banana Tree Thai, Vietnamese, Vegan - West Hampstead",Banana Tree,Yes,Yes,,21
,Existing Sites (P1 & P2 Launch),474,"3113003 - Banana Tree Thai, Vietnamese, Vegan - Battersea",Banana Tree,Yes,Yes,,20
,Existing Sites (P1 & P2 Launch),148,"3113004 - Banana Tree Thai, Vietnamese, Vegan - Angel Islington",Banana Tree,Yes,Yes,,19
,Existing Sites (P1 & P2 Launch),19752,"3113007 - Banana Tree Thai, Vietnamese, Vegan - Milton Keynes The Hub",Banana Tree,Yes,Yes,,10
,Existing Sites (P1 & P2 Launch),11309,"3113008 - Banana Tree Thai, Vietnamese, Vegan - Oxford",Banana Tree,Yes,Yes,,6
,Existing Sites (P1 & P2 Launch),65811,"3113009 - Banana Tree Thai, Vietnamese, Vegan - Chelmsford",Banana Tree,Yes,Yes,,12
,Existing Sites (P1 & P2 Launch),528160,"3113010 - Banana Tree Thai, Vietnamese, Vegan - Covent Garden",Banana Tree,Yes,Yes,,16
,Existing Sites (P1 & P2 Launch),544614,"3113011 - Banana Tree Thai, Vietnamese, Vegan - London The O2",Banana Tree,Yes,Yes,,18
,Existing Sites (P1 & P2 Launch),549925,"3113013 - Banana Tree Thai, Vietnamese, Vegan - Reigate",Banana Tree,Yes,Yes,,6
,Existing Sites (P1 & P2 Launch),575909,"3113014 - Banana Tree Thai, Vietnamese, Vegan - Windsor",Banana Tree,Yes,Yes,,15
,Existing Sites (P1 & P2 Launch),575907,"3113015 - Banana Tree Thai, Vietnamese, Vegan - Birmingham Bullring",Banana Tree,Yes,Yes,,15
,Existing Sites (P1 & P2 Launch),592325,"3113016 - Banana Tree Thai, Vietnamese, Vegan - Greenwich",Banana Tree,Yes,Yes,,29
,Existing Sites (P1 & P2 Launch),590532,"3113017 - Banana Tree Thai, Vietnamese, Vegan - Bath",Banana Tree,Yes,Yes,,8
,Existing Sites (P1 & P2 Launch),591432,"3113018 - Banana Tree Thai, Vietnamese, Vegan - Henley",Banana Tree,Yes,Yes,,5
,Existing Sites (P1 & P2 Launch),612279,3113019 - Banana Tree Thai - Vietnamese - Vegan - Salford Quays,Banana Tree,Yes,Yes,,14
,Existing Sites (P1 & P2 Launch),620079,3113020 - Banana Tree Thai Vietnamese Vegan - Portsmouth Gunwharf Quays,Banana Tree,Yes,Yes,,9
,Existing Sites (P1 & P2 Launch),647418,3113021 - Banana Tree Thai Vietnamese Vegan - Stevenage,Banana Tree,Yes,Yes,,7
,Existing Sites (P1 & P2 Launch),22928,3203 - London - Clerkenwell Road - PizzaExpress,PizzaExpress,Yes,Yes,,6
,Existing Sites (P1 & P2 Launch),22723,3204 - Kew - Station Approach - Pizza Express,PizzaExpress,Yes,Yes,,7
,Existing Sites (P1 & P2 Launch),23522,3210 - London - Millbank - PizzaExpress,PizzaExpress,Yes,Yes,,3
,Existing Sites (P1 & P2 Launch),170451,3210 - Prezzo Braintree,Prezzo,Yes,Yes,,4
,Existing Sites (P1 & P2 Launch),277504,3211 - Prezzo - Port Solent,Prezzo,Yes,Yes,,10
,Existing Sites (P1 & P2 Launch),24692,3213 - Cardiff - Mermaid Quay - PizzaExpress,PizzaExpress,Yes,Yes,,8
,Existing Sites (P1 & P2 Launch),21643,3219 - Belfast - Lisburn Road - PizzaExpress,PizzaExpress,Yes,Yes,,8
,Existing Sites (P1 & P2 Launch),28441,3220 - Warwick - Jury Street - PizzaExpress,PizzaExpress,Yes,Yes,,8
,Existing Sites (P1 & P2 Launch),25146,3223 - London - Bankside - PizzaExpress,PizzaExpress,Yes,Yes,,9
,Existing Sites (P1 & P2 Launch),172336,3225 - Birmingham - Bullring Shopping Centre - PizzaExpress,PizzaExpress,Yes,Yes,,9
,Existing Sites (P1 & P2 Launch),10186,3228 - Prezzo - Reading,Prezzo,Yes,Yes,,6
,Existing Sites (P1 & P2 Launch),23491,3229 - Balham - Bedford Hill - PizzaExpress,PizzaExpress,Yes,Yes,,8
,Existing Sites (P1 & P2 Launch),25077,3229 - Prezzo - The Promenade,Prezzo,Yes,Yes,,13
,Existing Sites (P1 & P2 Launch),22929,3230 - London - Tower Hill - PizzaExpress,PizzaExpress,Yes,Yes,,10
,Existing Sites (P1 & P2 Launch),36364,3233 - Hemel Hempstead - Riverside - PizzaExpress,PizzaExpress,Yes,Yes,,3
,Existing Sites (P1 & P2 Launch),3808,3234 - Prezzo Pasta & Pizza – Euston,Prezzo,Yes,Yes,,15
,Existing Sites (P1 & P2 Launch),22871,3236 - West Bridgford - Bridgford Road - PizzaExpress,PizzaExpress,Yes,Yes,,12
,Existing Sites (P1 & P2 Launch),554482,3240 - Milton Keynes - Centre MK - PizzaExpress,PizzaExpress,Yes,Yes,,9
,Existing Sites (P1 & P2 Launch),10702,3240 - Prezzo - Bournemouth,Prezzo,Yes,Yes,,5
,Existing Sites (P1 & P2 Launch),23857,3245 - Brighton - Marina - PizzaExpress,PizzaExpress,Yes,Yes,,5
,Existing Sites (P1 & P2 Launch),46787,3248 - Esher - High Street - PizzaExpress,PizzaExpress,Yes,Yes,,8
,Existing Sites (P1 & P2 Launch),155440,3252 - Braehead - Xscape - PizzaExpress,PizzaExpress,Yes,Yes,,20
,Existing Sites (P1 & P2 Launch),49180,3252 - Prezzo - Enfield,Prezzo,Yes,Yes,,14
,Existing Sites (P1 & P2 Launch),25157,3258 - London - St Pauls - PizzaExpress,PizzaExpress,Yes,Yes,,3
,Existing Sites (P1 & P2 Launch),26177,3259 - Reading - Oracle Shopping Centre - PizzaExpress,PizzaExpress,Yes,Yes,,7
,Existing Sites (P1 & P2 Launch),29676,3262 - Prezzo - Cheam,Prezzo,Yes,Yes,,10
,Existing Sites (P1 & P2 Launch),382703,3276 Prezzo - Godalming,Prezzo,Yes,Yes,,3
,Existing Sites (P1 & P2 Launch),186697,3281 - Fleet - Fleet Road - PizzaExpress,PizzaExpress,Yes,Yes,,5
,Existing Sites (P1 & P2 Launch),24687,3284 - Bristol - Harbourside - PizzaExpress,PizzaExpress,Yes,Yes,,14
,Existing Sites (P1 & P2 Launch),29675,3286 - Cheam - Ewell Road - PizzaExpress,PizzaExpress,Yes,Yes,,3
,Existing Sites (P1 & P2 Launch),29665,3294 - Prezzo - Canterbury,Prezzo,Yes,Yes,,4
,Existing Sites (P1 & P2 Launch),2222,3295 - Prezzo - Brighton,Prezzo,Yes,Yes,,4
,Existing Sites (P1 & P2 Launch),27257,3296 - Prezzo - Harrow,Prezzo,Yes,Yes,,14
,Existing Sites (P1 & P2 Launch),22775,3303 - Belfast - Victoria Square Shopping Centre - PizzaExpress,PizzaExpress,Yes,Yes,,6
,Existing Sites (P1 & P2 Launch),49074,3308 - Prezzo - Hornchurch,Prezzo,Yes,Yes,,9
,Existing Sites (P1 & P2 Launch),23752,3311 - Edinburgh - George IV Bridge - PizzaExpress,PizzaExpress,Yes,Yes,,11
,Existing Sites (P1 & P2 Launch),23516,3320 - Brockwell Park - Herne Hill - PizzaExpress,PizzaExpress,Yes,Yes,,10
,Existing Sites (P1 & P2 Launch),25024,3321 - Headingly - Ottley Road - PizzaExpress,PizzaExpress,Yes,Yes,,12
,Existing Sites (P1 & P2 Launch),323936,3322 - Gerrards Cross - Packhorse Road - PizzaExpress,PizzaExpress,Yes,Yes,,7
,Existing Sites (P1 & P2 Launch),97058,3323 - Prezzo - Stevenage,Prezzo,Yes,Yes,,5
,Existing Sites (P1 & P2 Launch),9723,3328 - Prezzo - Nottingham,Prezzo,Yes,Yes,,10
,Existing Sites (P1 & P2 Launch),23349,3329 - Bath - Southgate Shopping Centre - PizzaExpress,PizzaExpress,Yes,Yes,,8
,Existing Sites (P1 & P2 Launch),277506,3331 - Prezzo - Leatherhead,Prezzo,Yes,Yes,,7
,Existing Sites (P1 & P2 Launch),25012,3333 - Sheffield - Ecclesall Road - PizzaExpress,PizzaExpress,Yes,Yes,,9
,Existing Sites (P1 & P2 Launch),50029,3335 - London - Brent Cross Shopping Centre - PizzaExpress,PizzaExpress,Yes,Yes,,8
,Existing Sites (P1 & P2 Launch),273464,3335 - Prezzo Cheltenham Brewery,Prezzo,Yes,Yes,,11
,Existing Sites (P1 & P2 Launch),26699,3339 - Basingstoke - Festival Place Shopping Centre - PizzaExpress,PizzaExpress,Yes,Yes,,4
,Existing Sites (P1 & P2 Launch),178083,3341 - Prezzo - Eastleigh,Prezzo,Yes,Yes,,11
,Existing Sites (P1 & P2 Launch),27055,3342 - Surbition - St Marks Hill - PizzaExpress,PizzaExpress,Yes,Yes,,7
,Existing Sites (P1 & P2 Launch),36623,3346 - Prezzo Victoria Place,Prezzo,Yes,Yes,,7
,Existing Sites (P1 & P2 Launch),10056,3347 - Prezzo - Cardiff,Prezzo,Yes,Yes,,10
,Existing Sites (P1 & P2 Launch),24505,3350 - Prezzo - St Martins Lane,Prezzo,Yes,Yes,,10
,Existing Sites (P1 & P2 Launch),298802,3351 - Edinburgh - Morningside - PizzaExpress,PizzaExpress,Yes,Yes,,13
,Existing Sites (P1 & P2 Launch),273523,3353 - Poole - Tower Park - PizzaExpress,PizzaExpress,Yes,Yes,,8
,Existing Sites (P1 & P2 Launch),155437,3354 - Aldershot - Westgate Retail Park - PizzaExpress,PizzaExpress,Yes,Yes,,7
,Existing Sites (P1 & P2 Launch),27872,3359 - Croydon - George Street - PizzaExpress,PizzaExpress,Yes,Yes,,9
,Existing Sites (P1 & P2 Launch),289795,3365 - Christchurch - High Street - PizzaExpress,PizzaExpress,Yes,Yes,,6
,Existing Sites (P1 & P2 Launch),48840,3365 - Prezzo - Banstead,Prezzo,Yes,Yes,,8
,Existing Sites (P1 & P2 Launch),157487,3370 - Prezzo - Glasgow Braehead,Prezzo,Yes,Yes,,10
,Existing Sites (P1 & P2 Launch),23542,3370 - Wembley - Designer Outlet - PizzaExpress,PizzaExpress,Yes,Yes,,9
,Existing Sites (P1 & P2 Launch),6159,3372 - Prezzo - York Clifford Street,Prezzo,Yes,Yes,,10
,Existing Sites (P1 & P2 Launch),25013,3374 - Sheffield - St Pauls Place - PizzaExpress,PizzaExpress,Yes,Yes,,12
,Existing Sites (P1 & P2 Launch),71228,3376 - New Malden - High Street - PizzaExpress,PizzaExpress,Yes,Yes,,6
,Existing Sites (P1 & P2 Launch),32940,3377 - Prezzo - Uxbridge,Prezzo,Yes,Yes,,13
,Existing Sites (P1 & P2 Launch),16629,3380 - Prezzo - Manchester Media City,Prezzo,Yes,Yes,,11
,Existing Sites (P1 & P2 Launch),169896,3381 - Southampton - WestQuay Shopping Centre - PizzaExpress,PizzaExpress,Yes,Yes,,7
,Existing Sites (P1 & P2 Launch),323918,3386 - Epping - High Street - PizzaExpress,PizzaExpress,Yes,Yes,,7
,Existing Sites (P1 & P2 Launch),27252,3389 - Harrow - St Georges Shopping Centre - PizzaExpress,PizzaExpress,Yes,Yes,,7
,Existing Sites (P1 & P2 Launch),6257,3393 - Prezzo - Bristol,Prezzo,Yes,Yes,,13
,Existing Sites (P1 & P2 Launch),180639,3399 - Hatfield - Galleria Shopping Outlet - PizzaExpress,PizzaExpress,Yes,Yes,,4
,Existing Sites (P1 & P2 Launch),198788,3400 - Cribbs Causeway - The Venue - PizzaExpress,PizzaExpress,Yes,Yes,,11
,Existing Sites (P1 & P2 Launch),634318,3405 - Milton Keynes - MK1 Leisure Park - PizzaExpress,PizzaExpress,Yes,Yes,,9
,Existing Sites (P1 & P2 Launch),179217,3409 - Bracknell - The Lexicon Shopping - PizzaExpress Centre,PizzaExpress,Yes,Yes,,5
,Existing Sites (P1 & P2 Launch),24684,3415 - Bristol - Cabot Circus Shopping Centre - PizzaExpress,PizzaExpress,Yes,Yes,,7
,Existing Sites (P1 & P2 Launch),86940,3427 - Croydon - Valley Leisure Park - PizzaExpress,PizzaExpress,Yes,Yes,,6
,Existing Sites (P1 & P2 Launch),535240,3432 - Bromley - St Marks Square,PizzaExpress,Yes,Yes,,8
,Existing Sites (P1 & P2 Launch),23038,3436 - London - Paddington - PizzaExpress,PizzaExpress,Yes,Yes,,5
,Existing Sites (P1 & P2 Launch),90764,3437 - London - Gloucester Road - PizzaExpress,PizzaExpress,Yes,Yes,,6
,Existing Sites (P1 & P2 Launch),29093,3446 - Belfast - Ballyhackamore - PizzaExpress,PizzaExpress,Yes,Yes,,8
,Existing Sites (P1 & P2 Launch),83275,3452 - Stockport - Redrock - PizzaExpress,PizzaExpress,Yes,Yes,,7
,Existing Sites (P1 & P2 Launch),277615,3456 - Bournemouth - BH2 Leisure - PizzaExpress,PizzaExpress,Yes,Yes,,4
,Existing Sites (P1 & P2 Launch),61366,3457 - Sutton - High Street - PizzaExpress,PizzaExpress,Yes,Yes,,6
,Existing Sites (P1 & P2 Launch),342894,3458 - The Plaza - Bluewater Shopping Centre - PizzaExpress,PizzaExpress,Yes,Yes,,6
,Existing Sites (P1 & P2 Launch),164564,3463 - Leeds - Arena - PizzaExpress,PizzaExpress,Yes,Yes,,5
,Existing Sites (P1 & P2 Launch),169907,3465 - Eltham - High Street - PizzaExpress,PizzaExpress,Yes,Yes,,13
,Existing Sites (P1 & P2 Launch),231768,3466 - Berkhamsted - High Street - PizzaExpress,PizzaExpress,Yes,Yes,,4
,Existing Sites (P1 & P2 Launch),487169,3472 - Liverpool - Speke - PizzaExpress,PizzaExpress,Yes,Yes,,5
,Existing Sites (P1 & P2 Launch),498803,3475 - Cheltenham - Brewery Quarter - PizzaExpress,PizzaExpress,Yes,Yes,,14
,Existing Sites (P1 & P2 Launch),501427,3476 - PizzaExpress - Hackney Mare Street,PizzaExpress,Yes,Yes,,10
,Existing Sites (P1 & P2 Launch),518302,3477 - PizzaExpress - Brighton Jubilee Street,PizzaExpress,Yes,Yes,,5
,Existing Sites (P1 & P2 Launch),643133,3481 - Oxford – Summertown - PizzaExpress,PizzaExpress,Yes,Yes,,8
,Existing Sites (P1 & P2 Launch),694981,3484 - Winchester High Street - PizzaExpress,PizzaExpress,Yes,Yes,,5
,Existing Sites (P1 & P2 Launch),6085,3603 - Prezzo - Bath,Prezzo,Yes,Yes,,8
,Existing Sites (P1 & P2 Launch),10071,3607 - Prezzo - Leeds,Prezzo,Yes,Yes,,14
,Existing Sites (P1 & P2 Launch),26825,3614 - Prezzo - Windsor,Prezzo,Yes,Yes,,12
,Existing Sites (P1 & P2 Launch),205655,3615 - Prezzo - Hatfield,Prezzo,Yes,Yes,,10
,Existing Sites (P1 & P2 Launch),382863,3623 Prezzo - Letchworth,Prezzo,Yes,Yes,,4
,Existing Sites (P1 & P2 Launch),230479,3629 - Prezzo - Milton Keynes - Leisure Park,Prezzo,Yes,Yes,,9
,Existing Sites (P1 & P2 Launch),155734,3647 - Prezzo - Farnborough,Prezzo,Yes,Yes,,9
,Existing Sites (P1 & P2 Launch),36240,3667 - Prezzo- Hemel Hempstead,Prezzo,Yes,Yes,,9
,Existing Sites (P1 & P2 Launch),42915,3680 - Prezzo - Bournemouth West Central,Prezzo,Yes,Yes,,5
,Existing Sites (P1 & P2 Launch),12703,4114633 - Bella Italia Pizza & Pasta - York Minster,Bella Italia,Yes,Yes,,9
,Existing Sites (P1 & P2 Launch),21515,5110 - Dublin - Dawson Street - Milano,Milano,Yes,Yes,,6
,Existing Sites (P1 & P2 Launch),137611,5112 - Dublin - Blanchardstown Shopping Centre - Milano,Milano,Yes,Yes,,12
,Existing Sites (P1 & P2 Launch),335170,5113 - Dublin - Liffey Valley Shopping Centre - Milano,Milano,Yes,Yes,,9
,Existing Sites (P1 & P2 Launch),12700,5113366 - Bella Italia Pizza & Pasta - Liverpool,Bella Italia,Yes,Yes,,6
,Existing Sites (P1 & P2 Launch),21600,5120 - Dublin - Temple Bar - Milano,Milano,Yes,Yes,,9
,Existing Sites (P1 & P2 Launch),23009,5130 - Galway - Middle Street - Milano,Milano,Yes,Yes,,5
,Existing Sites (P1 & P2 Launch),129349,5160 - Dublin - Clarion Quay - Milano,Milano,Yes,Yes,,8
,Existing Sites (P1 & P2 Launch),23012,5180 - Dublin - Dundrum Shopping Centre - Milano,Milano,Yes,Yes,,8
,Existing Sites (P1 & P2 Launch),21596,5190 - Dublin - Grand Canal - Milano,Milano,Yes,Yes,,7
,Existing Sites (P1 & P2 Launch),21597,5191 - Dublin - Haddington Road - Milano,Milano,Yes,Yes,,10
,Existing Sites (P1 & P2 Launch),23011,5193 - Dublin - Dun Laoghaire - Milano,Milano,Yes,Yes,,5
,Existing Sites (P1 & P2 Launch),273931,6110911 - Bella Italia Pizza & Pasta - Southampton Hanover,Bella Italia,Yes,Yes,,8
,Existing Sites (P1 & P2 Launch),7317,8103399 - Bella Italia Pizza & Pasta - Cambridge Leisure,Bella Italia,Yes,Yes,,4
,Existing Sites (P1 & P2 Launch),13733,8106500 - Bella Italia Pizza & Pasta - Salford Quays,Bella Italia,Yes,Yes,,12
,Existing Sites (P1 & P2 Launch),268803,8106630 - Bella Italia Pizza & Pasta - Wellington Street,Bella Italia,Yes,Yes,,15
,Existing Sites (P1 & P2 Launch),274194,8108050 - Bella Italia Pizza & Pasta - Milton Keynes Stadium,Bella Italia,Yes,Yes,,10
,Existing Sites (P1 & P2 Launch),274378,8108200 - Bella Italia Pizza & Pasta - Brighton Market Street,Bella Italia,Yes,Yes,,5
,Existing Sites (P1 & P2 Launch),22457,8108255 - Bella Italia Pizza & Pasta - South Kensington,Bella Italia,Yes,Yes,,9
,Existing Sites (P1 & P2 Launch),19758,8108344 - Bella Italia Pizza & Pasta - Milton Keynes 12th Street,Bella Italia,Yes,Yes,,8
,Existing Sites (P1 & P2 Launch),342374,8108366 - Bella Italia Pizza & Pasta - Queensway 55,Bella Italia,Yes,Yes,,8
,Existing Sites (P1 & P2 Launch),7439,8108411 - Bella Italia Pizza & Pasta - Norwich Red Lion Street,Bella Italia,Yes,Yes,,9
,Existing Sites (P1 & P2 Launch),7443,8114644 - Bella Italia Pizza & Pasta - Nottingham Cornerhouse,Bella Italia,Yes,Yes,,10
,Existing Sites (P1 & P2 Launch),24784,9013654 - Bella Italia Pizza & Pasta - Glasgow Sauchiehall Street,Bella Italia,Yes,Yes,,16
,Existing Sites (P1 & P2 Launch),1643,9015270 - Bella Italia Pizza & Pasta - Reading Oracle,Bella Italia,Yes,Yes,,6
,Existing Sites (P1 & P2 Launch),222681,9015460 - Bella Italia Pizza & Pasta - Bristol Abbeywood,Bella Italia,Yes,Yes,,8
,Existing Sites (P1 & P2 Launch),273976,9015470 - Bella Italia Pizza & Pasta - Taplow,Bella Italia,Yes,Yes,,10
,Existing Sites (P1 & P2 Launch),143435,9111030 - Bella Italia Pizza & Pasta - Bluewater,Bella Italia,Yes,Yes,,5
,Existing Sites (P1 & P2 Launch),23549,9111040 - Bella Italia Pizza & Pasta - Portsmouth Gunwharf Quays,Bella Italia,Yes,Yes,,5
,Existing Sites (P1 & P2 Launch),25317,9111050 - Bella Italia Pizza & Pasta - Norwich Riverside,Bella Italia,Yes,Yes,,10
,Existing Sites (P1 & P2 Launch),26690,9112050 - Las Iguanas - Basingstoke,Las Iguanas,Yes,Yes,,4
,Existing Sites (P1 & P2 Launch),25192,9112070 - Las Iguanas - York Swinegate,Las Iguanas,Yes,Yes,,10
,Existing Sites (P1 & P2 Launch),385570,9113100 - Bella Italia Pizza & Pasta - Paddington,Bella Italia,Yes,Yes,,8
,Existing Sites (P1 & P2 Launch),199134,9114010 - Bella Italia Pizza & Pasta - Sheffield St. Pauls,Bella Italia,Yes,Yes,,12
,Existing Sites (P1 & P2 Launch),679163,9114060 - Bella Italia - Croydon,Bella Italia,Yes,Yes,,11
,Existing Sites (P1 & P2 Launch),6070,9221010 - Las Iguanas - Cardiff Mill Lane,Las Iguanas,Yes,Yes,,9
,Existing Sites (P1 & P2 Launch),6064,9221030 - Las Iguanas - Bath,Las Iguanas,Yes,Yes,,7
,Existing Sites (P1 & P2 Launch),19390,9221040 - Las Iguanas - Birmingham Arcadian,Las Iguanas,Yes,Yes,,13
,Existing Sites (P1 & P2 Launch),19755,9221080 - Las Iguanas - Nottingham Chapel Quarter,Las Iguanas,Yes,Yes,,8
,Existing Sites (P1 & P2 Launch),8565,9221090 - Las Iguanas - Leeds Cloth Hall,Las Iguanas,Yes,Yes,,14
,Existing Sites (P1 & P2 Launch),2278,9221110 - Las Iguanas - Brighton,Las Iguanas,Yes,Yes,,5
,Existing Sites (P1 & P2 Launch),19073,9221120 - Las Iguanas - Bristol Harbourside,Las Iguanas,Yes,Yes,,11
,Existing Sites (P1 & P2 Launch),418829,9221131 - Las Iguanas - Ealing,Las Iguanas,Yes,Yes,,15
,Existing Sites (P1 & P2 Launch),81407,9221140 - Las Iguanas - Manchester Trafford Centre,Las Iguanas,Yes,Yes,,7
,Existing Sites (P1 & P2 Launch),19745,9221170 - Las Iguanas - Milton Keynes The Hub,Las Iguanas,Yes,Yes,,9
,Existing Sites (P1 & P2 Launch),143453,9221180 - Las Iguanas - Lakeside,Las Iguanas,Yes,Yes,,6
,Existing Sites (P1 & P2 Launch),19753,9221190 - Las Iguanas - Portsmouth Gunwharf Quays,Las Iguanas,Yes,Yes,,7
,Existing Sites (P1 & P2 Launch),13218,9221220 - Las Iguanas - Liverpool One,Las Iguanas,Yes,Yes,,3
,Existing Sites (P1 & P2 Launch),19380,9221240 - Las Iguanas - Reading Oracle,Las Iguanas,Yes,Yes,,7
,Existing Sites (P1 & P2 Launch),6069,9221250 - Las Iguanas - Cardiff Mermaid Quay,Las Iguanas,Yes,Yes,,6
,Existing Sites (P1 & P2 Launch),93789,9221280 - Las Iguanas - Sheffield Meadowhall,Las Iguanas,Yes,Yes,,9
,Existing Sites (P1 & P2 Launch),19723,9221290 - Las Iguanas - Cambridge Quayside,Las Iguanas,Yes,Yes,,2
,Existing Sites (P1 & P2 Launch),19314,9221350 - Las Iguanas - Wembley,Las Iguanas,Yes,Yes,,13
,Existing Sites (P1 & P2 Launch),195748,9221370 - Las Iguanas - Bristol Cribbs Causeway,Las Iguanas,Yes,Yes,,7
,Existing Sites (P1 & P2 Launch),3148,9221380 - Las Iguanas - Glasgow Nile Street,Las Iguanas,Yes,Yes,,14
,Existing Sites (P1 & P2 Launch),20991,9221390 - Las Iguanas - Leamington Spa,Las Iguanas,Yes,Yes,,7
,Existing Sites (P1 & P2 Launch),33989,9221650 - Las Iguanas - Chelmsford,Las Iguanas,Yes,Yes,,11
,Existing Sites (P1 & P2 Launch),176549,9221690 - Las Iguanas - Bracknell,Las Iguanas,Yes,Yes,,5
,Existing Sites (P1 & P2 Launch),213186,9221700 - Las Iguanas - Watford,Las Iguanas,Yes,Yes,,10
,Existing Sites (P1 & P2 Launch),399291,9221770 - Las Iguanas - Southampton West Quay,Las Iguanas,Yes,Yes,,7
,Existing Sites (P1 & P2 Launch),511948,9221790 - Las Iguanas - Canterbury,Las Iguanas,Yes,Yes,,2
,Existing Sites (P1 & P2 Launch),374780,Asia Villa - Borough High Street,Asia Villa,Yes,Yes,,36
,Existing Sites (P1 & P2 Launch),133182,Asia Villa - Canary Wharf,Asia Villa,Yes,Yes,,42
,Existing Sites (P1 & P2 Launch),71083,Asia Villa - Romford,Asia Villa,Yes,Yes,,12
,Existing Sites (P1 & P2 Launch),471670,ASIA VILLA - St John Street,Asia Villa,Yes,Yes,,29
,Existing Sites (P1 & P2 Launch),52154,Asia Villa - Wood Green,Asia Villa,Yes,Yes,,22
,Existing Sites (P1 & P2 Launch),548563,atis - Borough Yards,atis,Yes,Yes,,27
,Existing Sites (P1 & P2 Launch),659960,atis - Eastcheap,atis,Yes,Yes,,17
,Existing Sites (P1 & P2 Launch),331310,atis - Eccleston Yards,atis,Yes,Yes,,15
,Existing Sites (P1 & P2 Launch),638281,atis - Regent Street,atis,Yes,Yes,,21
,Existing Sites (P1 & P2 Launch),690712,Bill's Baker Street,Bill's,Yes,Yes,,17
,Existing Sites (P1 & P2 Launch),690854,Bill's Bath,Bill's,Yes,Yes,,8
,Existing Sites (P1 & P2 Launch),690856,Bill's Bluewater,Bill's,Yes,Yes,,6
,Existing Sites (P1 & P2 Launch),690911,Bill's Braintree - BRT,Bill's,Yes,Yes,,4
,Existing Sites (P1 & P2 Launch),690914,Bill's Brighton - BNC,Bill's,Yes,Yes,,6
,Existing Sites (P1 & P2 Launch),690864,Bill's Bullring,Bill's,Yes,Yes,,12
,Existing Sites (P1 & P2 Launch),690916,Bill's Cambridge - CAM,Bill's,Yes,Yes,,2
,Existing Sites (P1 & P2 Launch),690912,Bill's Canterbury - CAN,Bill's,Yes,Yes,,5
,Existing Sites (P1 & P2 Launch),690913,Bill's Cardiff - CAR,Bill's,Yes,Yes,,9
,Existing Sites (P1 & P2 Launch),690917,Bill's Cardiff Bay - CRDB,Bill's,Yes,Yes,,8
,Existing Sites (P1 & P2 Launch),690918,Bill's Chelmsford - CLM,Bill's,Yes,Yes,,9
,Existing Sites (P1 & P2 Launch),690920,Bill's Chichester - CHS,Bill's,Yes,Yes,,5
,Existing Sites (P1 & P2 Launch),690921,Bill's Colchester - CLC,Bill's,Yes,Yes,,4
,Existing Sites (P1 & P2 Launch),690919,Bill's Covent Garden - WC,Bill's,Yes,Yes,,12
,Existing Sites (P1 & P2 Launch),690915,Bill's Eastbourne - EST,Bill's,Yes,Yes,,3
,Existing Sites (P1 & P2 Launch),690926,Bill's Farnham - FARN,Bill's,Yes,Yes,,11
,Existing Sites (P1 & P2 Launch),690930,Bill's Greenwich - LEW,Bill's,Yes,Yes,,30
,Existing Sites (P1 & P2 Launch),690925,Bill's Guildford - GUI,Bill's,Yes,Yes,,5
,Existing Sites (P1 & P2 Launch),690929,Bill's Hammersmith - SBU,Bill's,Yes,Yes,,9
,Existing Sites (P1 & P2 Launch),690928,Bill's Horsham - HOR,Bill's,Yes,Yes,,5
,Existing Sites (P1 & P2 Launch),690923,Bill's Kingston - KIN,Bill's,Yes,Yes,,10
,Existing Sites (P1 & P2 Launch),690931,Bill's Leeds - LC,Bill's,Yes,Yes,,13
,Existing Sites (P1 & P2 Launch),690872,Bill's London Bridge,Bill's,Yes,Yes,,19
,Existing Sites (P1 & P2 Launch),690898,Bill's Milton Keynes,Bill's,Yes,Yes,,9
,Existing Sites (P1 & P2 Launch),690927,Bill's Newbury - NWB,Bill's,Yes,Yes,,5
,Existing Sites (P1 & P2 Launch),690924,Bill's Norwich - NOR,Bill's,Yes,Yes,,13
,Existing Sites (P1 & P2 Launch),690932,Bill's Nottingham - NTG,Bill's,Yes,Yes,,10
,Existing Sites (P1 & P2 Launch),690933,Bill's Reading - REA,Bill's,Yes,Yes,,7
,Existing Sites (P1 & P2 Launch),690935,Bill's Reigate - REI,Bill's,Yes,Yes,,5
,Existing Sites (P1 & P2 Launch),690950,Bill's Richmond - RIC2,Bill's,Yes,Yes,,9
,Existing Sites (P1 & P2 Launch),690937,Bill's Soho - MMS,Bill's,Yes,Yes,,15
,Existing Sites (P1 & P2 Launch),690938,Bill's Southampton - SOU,Bill's,Yes,Yes,,8
,Existing Sites (P1 & P2 Launch),690940,Bill's St Albans - STA,Bill's,Yes,Yes,,11
,Existing Sites (P1 & P2 Launch),690941,Bill's Trafford - ECC,Bill's,Yes,Yes,,10
,Existing Sites (P1 & P2 Launch),690942,Bill's Tunbridge Wells - RTW,Bill's,Yes,Yes,,7
,Existing Sites (P1 & P2 Launch),690945,Bill's Victoria - VWP,Bill's,Yes,Yes,,10
,Existing Sites (P1 & P2 Launch),690943,Bill's Westfield - SBU,Bill's,Yes,Yes,,10
,Existing Sites (P1 & P2 Launch),690951,Bill's Wimbledon - WIM2,Bill's,Yes,Yes,,12
,Existing Sites (P1 & P2 Launch),690948,Bill's Windsor - WIN,Bill's,Yes,Yes,,14
,Existing Sites (P1 & P2 Launch),690946,Bill's York - YOR,Bill's,Yes,Yes,,10
,Existing Sites (P1 & P2 Launch),7,Cacciari's Piadineria & Restaurant,Cacciari's,Yes,Yes,,33
,Existing Sites (P1 & P2 Launch),158447,Chaska,Chaska,Yes,Yes,,23
,Existing Sites (P1 & P2 Launch),568847,Chaska Bites,Chaska,Yes,Yes,,21
,Existing Sites (P1 & P2 Launch),667056,Chaska Bites IFSC,Chaska,Yes,Yes,,0
,Existing Sites (P1 & P2 Launch),79083,Cocotte - Hoxton,Cocotte,Yes,Yes,,36
,Existing Sites (P1 & P2 Launch),235344,Cocotte - Parsons Green,Cocotte,Yes,Yes,,18
,Existing Sites (P1 & P2 Launch),649324,Cocotte - Richmond,Cocotte,Yes,Yes,,20
,Existing Sites (P1 & P2 Launch),354631,Cocotte - South Kensington,Cocotte,Yes,Yes,,25
,Existing Sites (P1 & P2 Launch),16734,Cocotte - Westbourne,Cocotte,Yes,Yes,,21
,Existing Sites (P1 & P2 Launch),602744,Dhoom by chaska,Chaska,Yes,Yes,,20
,Existing Sites (P1 & P2 Launch),365458,Dishoom - Editions - ACT,Dishoom,Yes,Yes,,20
,Existing Sites (P1 & P2 Launch),259052,Dishoom - Editions - BCP,Dishoom,Yes,Yes,,29
,Existing Sites (P1 & P2 Launch),315972,Dishoom - Editions - BER,Dishoom,Yes,Yes,,38
,Existing Sites (P1 & P2 Launch),275291,Dishoom - Editions - BLW,Dishoom,Yes,Yes,,31
,Existing Sites (P1 & P2 Launch),614147,Dishoom - Editions - BRC,Dishoom,Yes,Yes,,25
,Existing Sites (P1 & P2 Launch),512053,Dishoom - Editions - CRE,Dishoom,Yes,Yes,,30
,Existing Sites (P1 & P2 Launch),394105,Dishoom - Editions - DUL,Dishoom,Yes,Yes,,32
,Existing Sites (P1 & P2 Launch),275289,Dishoom - Editions - ISL,Dishoom,Yes,Yes,,28
,Existing Sites (P1 & P2 Launch),233073,Dishoom - Editions - SWC,Dishoom,Yes,Yes,,26
,Existing Sites (P1 & P2 Launch),233074,Dishoom - Editions - WME,Dishoom,Yes,Yes,,42
,Existing Sites (P1 & P2 Launch),315971,Dishoom - Editions - WNW,Dishoom,Yes,Yes,,24
,Existing Sites (P1 & P2 Launch),692260,Farmer J - Farringdon,Farmer J,Yes,Yes,,21
,Existing Sites (P1 & P2 Launch),194816,Farmer J - Fenchurch Street,Farmer J,Yes,Yes,,22
,Existing Sites (P1 & P2 Launch),640803,Farmer J - Hammersmith,Farmer J,Yes,Yes,,24
,Existing Sites (P1 & P2 Launch),436017,Farmer J - London Bridge,Farmer J,Yes,Yes,,35
,Existing Sites (P1 & P2 Launch),293084,Farmer J - St James's Park,Farmer J,Yes,Yes,,26
,Existing Sites (P1 & P2 Launch),508890,Hornsey - Tiffin Tin,Tiffin Tin,Yes,Yes,,12
,Existing Sites (P1 & P2 Launch),609766,Iro Sushi - Bromley,Iro Sushi,Yes,Yes,,11
,Existing Sites (P1 & P2 Launch),560692,Iro Sushi - Camden,Iro Sushi,Yes,Yes,,23
,Existing Sites (P1 & P2 Launch),47628,Iro Sushi - Clapham,Iro Sushi,Yes,Yes,,21
,Existing Sites (P1 & P2 Launch),456141,Iro Sushi - Dartford,Iro Sushi,Yes,Yes,,7
,Existing Sites (P1 & P2 Launch),264428,Iro Sushi - Eltham,Iro Sushi,Yes,Yes,,17
,Existing Sites (P1 & P2 Launch),134681,Iro Sushi - Fulham,Iro Sushi,Yes,Yes,,15
,Existing Sites (P1 & P2 Launch),256676,Iro Sushi - Highgate,Iro Sushi,Yes,Yes,,16
,Existing Sites (P1 & P2 Launch),56833,Iro Sushi - Lewisham,Iro Sushi,Yes,Yes,,29
,Existing Sites (P1 & P2 Launch),572020,Iro Sushi - Orpington,Iro Sushi,Yes,Yes,,8
,Existing Sites (P1 & P2 Launch),524935,Iro Sushi - Palmers Green,Iro Sushi,Yes,Yes,,14
,Existing Sites (P1 & P2 Launch),637370,Iro Sushi - Penge,Iro Sushi,Yes,Yes,,30
,Existing Sites (P1 & P2 Launch),471510,Iro Sushi - Purley,Iro Sushi,Yes,Yes,,10
,Existing Sites (P1 & P2 Launch),504308,Iro Sushi - Reading,Iro Sushi,Yes,Yes,,8
,Existing Sites (P1 & P2 Launch),387656,Iro Sushi - Sidcup,Iro Sushi,Yes,Yes,,11
,Existing Sites (P1 & P2 Launch),397730,Iro Sushi - Slough,Iro Sushi,Yes,Yes,,14
,Existing Sites (P1 & P2 Launch),501875,Iro Sushi - Stoke Newington,Iro Sushi,Yes,Yes,,10
,Existing Sites (P1 & P2 Launch),318088,Iro Sushi - Stratford,Iro Sushi,Yes,Yes,,18
,Existing Sites (P1 & P2 Launch),123194,Iro Sushi - Tower Bridge,Iro Sushi,Yes,Yes,,30
,Existing Sites (P1 & P2 Launch),646888,Iro Sushi - Walton,Iro Sushi,Yes,Yes,,20
,Existing Sites (P1 & P2 Launch),318089,Iro Sushi - Welling,Iro Sushi,Yes,Yes,,11
,Existing Sites (P1 & P2 Launch),608770,Iro Sushi - Woolwich,Iro Sushi,Yes,Yes,,10
,Existing Sites (P1 & P2 Launch),678063,Iro Sushi (BNC),Iro Sushi,Yes,Yes,,6
,Existing Sites (P1 & P2 Launch),701691,Iro Sushi Canterbury,Iro Sushi,Yes,Yes,,4
,Existing Sites (P1 & P2 Launch),625884,Iro Sushi Chingford,Iro Sushi,Yes,Yes,,15
,Existing Sites (P1 & P2 Launch),692182,Iro Sushi Newbury,Iro Sushi,Yes,Yes,,5
,Existing Sites (P1 & P2 Launch),551169,Iro Sushi - Croydon,Iro Sushi,Yes,Yes,,11
,Existing Sites (P1 & P2 Launch),683347,Iro Sushi Maidstone,Iro Sushi,Yes,Yes,,13
,Existing Sites (P1 & P2 Launch),710105,Iro Sushi Sevenoaks,Iro Sushi,Yes,Yes,,7
,Existing Sites (P1 & P2 Launch),721852,Iro Sushi West Hampstead,Iro Sushi,Yes,Yes,,23
,Existing Sites (P1 & P2 Launch),731798,Iro Sushi Tonbridge,Iro Sushi,Yes,Yes,,8
,Existing Sites (P1 & P2 Launch),35190,itsu - Aldgate High Street 77,Itsu,Yes,Yes,,17
,Existing Sites (P1 & P2 Launch),119805,itsu - Baker St,Itsu,Yes,Yes,,3
,Existing Sites (P1 & P2 Launch),26169,itsu - Baker Street 132,Itsu,Yes,Yes,,5
,Existing Sites (P1 & P2 Launch),525402,itsu - Battersea,Itsu,Yes,Yes,,8
,Existing Sites (P1 & P2 Launch),591542,Itsu - Bishopsgate Plaza,Itsu,Yes,Yes,,15
,Existing Sites (P1 & P2 Launch),26654,itsu - Brighton North Street,Itsu,Yes,Yes,,5
,Existing Sites (P1 & P2 Launch),38578,itsu - Bristol Broadmead,Itsu,Yes,Yes,,12
,Existing Sites (P1 & P2 Launch),461445,itsu - Bristol Cribbs Causeway,Itsu,Yes,Yes,,12
,Existing Sites (P1 & P2 Launch),474579,itsu - Brixton,Itsu,Yes,Yes,,15
,Existing Sites (P1 & P2 Launch),35194,itsu - Brunswick Centre,Itsu,Yes,Yes,,4
,Existing Sites (P1 & P2 Launch),27292,itsu - Cambridge Sidney Street,Itsu,Yes,Yes,,2
,Existing Sites (P1 & P2 Launch),27917,itsu - Camden High Street 191,Itsu,Yes,Yes,,10
,Existing Sites (P1 & P2 Launch),188009,itsu - City Road (2),Itsu,Yes,Yes,,4
,Existing Sites (P1 & P2 Launch),63366,itsu - Ealing Broadway,Itsu,Yes,Yes,,12
,Existing Sites (P1 & P2 Launch),29483,itsu - Great Peter Street 16,Itsu,Yes,Yes,,4
,Existing Sites (P1 & P2 Launch),399487,itsu - Guildford,Itsu,Yes,Yes,,5
,Existing Sites (P1 & P2 Launch),439320,itsu - Hampstead,Itsu,Yes,Yes,,14
,Existing Sites (P1 & P2 Launch),553342,itsu - High St Kensington,Itsu,Yes,Yes,,20
,Existing Sites (P1 & P2 Launch),23915,itsu - Islington Angel Central,Itsu,Yes,Yes,,13
,Existing Sites (P1 & P2 Launch),72630,itsu - Jubilee Place,Itsu,Yes,Yes,,16
,Existing Sites (P1 & P2 Launch),26783,itsu - Kings Road 47,Itsu,Yes,Yes,,16
,Existing Sites (P1 & P2 Launch),26150,itsu - Kingston Clarence Street,Itsu,Yes,Yes,,9
,Existing Sites (P1 & P2 Launch),27061,itsu - Leeds Commercial Street,Itsu,Yes,Yes,,17
,Existing Sites (P1 & P2 Launch),506729,itsu - Milton Keynes,Itsu,Yes,Yes,,9
,Existing Sites (P1 & P2 Launch),27341,itsu - Notting Hill Gate 100,Itsu,Yes,Yes,,13
,Existing Sites (P1 & P2 Launch),26010,itsu - Oxford Cornmarket Street,Itsu,Yes,Yes,,6
,Existing Sites (P1 & P2 Launch),129044,itsu - Oxford Westgate,Itsu,Yes,Yes,,5
,Existing Sites (P1 & P2 Launch),72631,itsu - Paddington Sheldon Square,Itsu,Yes,Yes,,6
,Existing Sites (P1 & P2 Launch),129045,itsu - Paternoster Square,Itsu,Yes,Yes,,5
,Existing Sites (P1 & P2 Launch),487003,itsu - Putney High Street,Itsu,Yes,Yes,,13
,Existing Sites (P1 & P2 Launch),27342,itsu - Reading Queen Victoria Street,Itsu,Yes,Yes,,7
,Existing Sites (P1 & P2 Launch),604306,itsu - Regent Street,Itsu,Yes,Yes,,19
,Existing Sites (P1 & P2 Launch),536410,itsu - Regent's Place 1,Itsu,Yes,Yes,,3
,Existing Sites (P1 & P2 Launch),27336,itsu - Richmond George Street,Itsu,Yes,Yes,,12
,Existing Sites (P1 & P2 Launch),23919,itsu - Southwark Street 65 (Bankside),Itsu,Yes,Yes,,8
,Existing Sites (P1 & P2 Launch),354258,itsu - St Albans,Itsu,Yes,Yes,,10
,Existing Sites (P1 & P2 Launch),365034,itsu - Stall Street,Itsu,Yes,Yes,,8
,Existing Sites (P1 & P2 Launch),222174,itsu - Stratford,Itsu,Yes,Yes,,12
,Existing Sites (P1 & P2 Launch),469678,itsu - The Glades,Itsu,Yes,Yes,,18
,Existing Sites (P1 & P2 Launch),76548,itsu - The Shard,Itsu,Yes,Yes,,16
,Existing Sites (P1 & P2 Launch),35201,itsu - Victoria Street 163,Itsu,Yes,Yes,,6
,Existing Sites (P1 & P2 Launch),29485,itsu - Westfield White City,Itsu,Yes,Yes,,7
,Existing Sites (P1 & P2 Launch),63230,itsu - Wimbledon Bridge House,Itsu,Yes,Yes,,11
,Existing Sites (P1 & P2 Launch),424277,itsu - Woking Mercia Walk,Itsu,Yes,Yes,,7
,Existing Sites (P1 & P2 Launch),678622,itsu – Oxford Street,Itsu,Yes,Yes,,25
,Existing Sites (P1 & P2 Launch),689964,itsu Trafford Centre,Itsu,Yes,Yes,,16
,Existing Sites (P1 & P2 Launch),218677,Jacob's Kitchen - Editions - BYR (NEW),Jakob's Kitchen,Yes,Yes,,27
,Existing Sites (P1 & P2 Launch),418622,Jakob's Kitchen - Belsize Park,Jakob's Kitchen,Yes,Yes,,26
,Existing Sites (P1 & P2 Launch),377439,Jakob's Kitchen - Editions - ACT,Jakob's Kitchen,Yes,Yes,,27
,Existing Sites (P1 & P2 Launch),548105,Jakob's Kitchen - Editions - BSY,Jakob's Kitchen,Yes,Yes,,44
,Existing Sites (P1 & P2 Launch),634609,Jakob's Kitchen - Editions - CAN,Jakob's Kitchen,Yes,Yes,,26
,Existing Sites (P1 & P2 Launch),519018,Jakob's Kitchen - Editions - WHI,Jakob's Kitchen,Yes,Yes,,33
,Existing Sites (P1 & P2 Launch),209351,KOKORO - Glasgow,Kokoro,Yes,Yes,,23
,Existing Sites (P1 & P2 Launch),48860,Kokoro - Kingston,Kokoro,Yes,Yes,,7
,Existing Sites (P1 & P2 Launch),363202,Kokoro - Redhill,Kokoro,Yes,Yes,,4
,Existing Sites (P1 & P2 Launch),638623,Kokoro - Reigate,Kokoro,Yes,Yes,,3
,Existing Sites (P1 & P2 Launch),308913,Kokoro - Southampton,Kokoro,Yes,Yes,,7
,Existing Sites (P1 & P2 Launch),296635,KOKORO - Tooting,Kokoro,Yes,Yes,,21
,Existing Sites (P1 & P2 Launch),85951,Kokoro - Uxbridge,Kokoro,Yes,Yes,,14
,Existing Sites (P1 & P2 Launch),129019,Kokoro - Watford,Kokoro,Yes,Yes,,12
,Existing Sites (P1 & P2 Launch),359659,Kokoro - Wood Green,Kokoro,Yes,Yes,,24
,Existing Sites (P1 & P2 Launch),541845,Kokoro Colchester,Kokoro,Yes,Yes,,3
,Existing Sites (P1 & P2 Launch),486039,KOKORO Eastleigh,Kokoro,Yes,Yes,,11
,Existing Sites (P1 & P2 Launch),300947,Kokoro Epsom,Kokoro,Yes,Yes,,9
,Existing Sites (P1 & P2 Launch),565387,KOKORO Harrow,Kokoro,Yes,Yes,,17
,Existing Sites (P1 & P2 Launch),307546,Kokoro Morden,Kokoro,Yes,Yes,,7
,Existing Sites (P1 & P2 Launch),522167,KOKORO Poole,Kokoro,Yes,Yes,,8
,Existing Sites (P1 & P2 Launch),486858,KOKORO Portsmouth,Kokoro,Yes,Yes,,12
,Existing Sites (P1 & P2 Launch),38844,Kokoro Sutton,Kokoro,Yes,Yes,,8
,Existing Sites (P1 & P2 Launch),465248,KOKORO TUNBRIDGE WELLS,Kokoro,Yes,Yes,,6
,Existing Sites (P1 & P2 Launch),492808,KOKORO Walton,Kokoro,Yes,Yes,,15
,Existing Sites (P1 & P2 Launch),415550,Kricket - Bermondsey,Kricket,Yes,Yes,,27
,Existing Sites (P1 & P2 Launch),233845,Kricket - Brixton,Kricket,Yes,Yes,,32
,Existing Sites (P1 & P2 Launch),289811,Kricket - London Fields,Kricket,Yes,Yes,,26
,Existing Sites (P1 & P2 Launch),440338,LEON - Angel,LEON,Yes,Yes,,8
,Existing Sites (P1 & P2 Launch),2104,LEON - Bankside,LEON,Yes,Yes,,6
,Existing Sites (P1 & P2 Launch),547038,LEON - Bath,LEON,Yes,Yes,,8
,Existing Sites (P1 & P2 Launch),495639,LEON - Battersea Power Station,LEON,Yes,Yes,,9
,Existing Sites (P1 & P2 Launch),6875,LEON - Birmingham,LEON,Yes,Yes,,15
,Existing Sites (P1 & P2 Launch),405875,LEON - Bluewater,LEON,Yes,Yes,,6
,Existing Sites (P1 & P2 Launch),29111,LEON - Brighton,LEON,Yes,Yes,,5
,Existing Sites (P1 & P2 Launch),482100,LEON - Brixton,LEON,Yes,Yes,,16
,Existing Sites (P1 & P2 Launch),377084,LEON - Camden,LEON,Yes,Yes,,13
,Existing Sites (P1 & P2 Launch),5144,LEON - Canary Wharf,LEON,Yes,Yes,,17
,Existing Sites (P1 & P2 Launch),24435,LEON - Cheapside,LEON,Yes,Yes,,5
,Existing Sites (P1 & P2 Launch),540613,LEON - Earl's Court,LEON,Yes,Yes,,10
,Existing Sites (P1 & P2 Launch),528666,LEON - Euston Road,LEON,Yes,Yes,,13
,Existing Sites (P1 & P2 Launch),14972,LEON - Hammersmith,LEON,Yes,Yes,,13
,Existing Sites (P1 & P2 Launch),540614,LEON - Hanover Square,LEON,Yes,Yes,,7
,Existing Sites (P1 & P2 Launch),92058,LEON - Horseferry Road,LEON,Yes,Yes,,7
,Existing Sites (P1 & P2 Launch),14040,LEON - Jubilee Place,LEON,Yes,Yes,,17
,Existing Sites (P1 & P2 Launch),399482,LEON - Kingston,LEON,Yes,Yes,,7
,Existing Sites (P1 & P2 Launch),399484,LEON - Milton Keynes,LEON,Yes,Yes,,10
,Existing Sites (P1 & P2 Launch),22607,LEON - Moorgate,LEON,Yes,Yes,,8
,Existing Sites (P1 & P2 Launch),14973,LEON - More London Place,LEON,Yes,Yes,,20
,Existing Sites (P1 & P2 Launch),164043,LEON - Notting Hill,LEON,Yes,Yes,,6
,Existing Sites (P1 & P2 Launch),19077,LEON - Pancras Square,LEON,Yes,Yes,,11
,Existing Sites (P1 & P2 Launch),2105,LEON - Regent Street,LEON,Yes,Yes,,5
,Existing Sites (P1 & P2 Launch),39739,LEON - Richmond,LEON,Yes,Yes,,10
,Existing Sites (P1 & P2 Launch),22103,LEON - Shepherds Bush,LEON,Yes,Yes,,10
,Existing Sites (P1 & P2 Launch),470049,LEON - Southbank Place,LEON,Yes,Yes,,14
,Existing Sites (P1 & P2 Launch),236530,LEON - Southwark Street,LEON,Yes,Yes,,12
,Existing Sites (P1 & P2 Launch),2126,LEON - Victoria Place 2,LEON,Yes,Yes,,9
,Existing Sites (P1 & P2 Launch),203962,LEON - Wimbledon,LEON,Yes,Yes,,11
,Existing Sites (P1 & P2 Launch),628352,Pho - Baker Street,Pho,Yes,Yes,,10
,Existing Sites (P1 & P2 Launch),1213,Pho - Balham,Pho,Yes,Yes,,17
,Existing Sites (P1 & P2 Launch),475,Pho - Battersea,Pho,Yes,Yes,,18
,Existing Sites (P1 & P2 Launch),690853,Pho - Birmingham - High Street Harborne,Pho,Yes,Yes,,19
,Existing Sites (P1 & P2 Launch),570029,Pho - Borough,Pho,Yes,Yes,,23
,Existing Sites (P1 & P2 Launch),503897,Pho - Bournemouth,Pho,Yes,Yes,,8
,Existing Sites (P1 & P2 Launch),931,Pho - Brighton,Pho,Yes,Yes,,7
,Existing Sites (P1 & P2 Launch),20132,Pho - Bristol,Pho,Yes,Yes,,15
,Existing Sites (P1 & P2 Launch),13797,Pho - Cambridge,Pho,Yes,Yes,,4
,Existing Sites (P1 & P2 Launch),515404,Pho - Canary Wharf,Pho,Yes,Yes,,24
,Existing Sites (P1 & P2 Launch),570820,Pho - Canterbury,Pho,Yes,Yes,,5
,Existing Sites (P1 & P2 Launch),195214,Pho - Cardiff,Pho,Yes,Yes,,10
,Existing Sites (P1 & P2 Launch),437862,Pho - Cheltenham,Pho,Yes,Yes,,14
,Existing Sites (P1 & P2 Launch),770,Pho - Chiswick,Pho,Yes,Yes,,17
,Existing Sites (P1 & P2 Launch),2161,Pho - Covent Garden,Pho,Yes,Yes,,25
,Existing Sites (P1 & P2 Launch),8567,Pho - Ealing,Pho,Yes,Yes,,19
,Existing Sites (P1 & P2 Launch),409503,Pho - Editions - BRC,Pho,Yes,Yes,,23
,Existing Sites (P1 & P2 Launch),266756,Pho - Editions - CRE,Pho,Yes,Yes,,26
,Existing Sites (P1 & P2 Launch),409502,Pho - Editions - DUL,Pho,Yes,Yes,,32
,Existing Sites (P1 & P2 Launch),592954,Pho - Fulham Broadway,Pho,Yes,Yes,,14
,Existing Sites (P1 & P2 Launch),611327,Pho - Glasgow,Pho,Yes,Yes,,21
,Existing Sites (P1 & P2 Launch),666157,Pho - Greenwich,Pho,Yes,Yes,,30
,Existing Sites (P1 & P2 Launch),83905,Pho - Guildford,Pho,Yes,Yes,,6
,Existing Sites (P1 & P2 Launch),280,Pho - Islington,Pho,Yes,Yes,,11
,Existing Sites (P1 & P2 Launch),48587,Pho - Kingston,Pho,Yes,Yes,,11
,Existing Sites (P1 & P2 Launch),2702,Pho - Leeds,Pho,Yes,Yes,,19
,Existing Sites (P1 & P2 Launch),50407,Pho - Liverpool,Pho,Yes,Yes,,8
,Existing Sites (P1 & P2 Launch),672852,Pho - Lothian Road,Pho,Yes,Yes,,14
,Existing Sites (P1 & P2 Launch),560308,Pho - Milton Keynes,Pho,Yes,Yes,,10
,Existing Sites (P1 & P2 Launch),638624,Pho - Norwich,Pho,Yes,Yes,,12
,Existing Sites (P1 & P2 Launch),406930,Pho - Nottingham,Pho,Yes,Yes,,11
,Existing Sites (P1 & P2 Launch),65830,Pho - Oxford,Pho,Yes,Yes,,8
,Existing Sites (P1 & P2 Launch),176668,Pho - Portsmouth,Pho,Yes,Yes,,4
,Existing Sites (P1 & P2 Launch),60050,Pho - Reading,Pho,Yes,Yes,,8
,Existing Sites (P1 & P2 Launch),224574,Pho - Sheffield,Pho,Yes,Yes,,14
,Existing Sites (P1 & P2 Launch),8359,Pho - Soho,Pho,Yes,Yes,,23
,Existing Sites (P1 & P2 Launch),1023,Pho - Spitalfields,Pho,Yes,Yes,,22
,Existing Sites (P1 & P2 Launch),3739,Pho - Stratford,Pho,Yes,Yes,,15
,Existing Sites (P1 & P2 Launch),3415,Pho - Westfield,Pho,Yes,Yes,,6
,Existing Sites (P1 & P2 Launch),35290,Pho - Wimbledon,Pho,Yes,Yes,,12
,Existing Sites (P1 & P2 Launch),482052,Pho - York,Pho,Yes,Yes,,10
,Existing Sites (P1 & P2 Launch),117274,Pizaza - Edgware,PIZAZA-SGroup,Yes,Yes,,13
,Existing Sites (P1 & P2 Launch),7574,PIZAZA - Golders Green,PIZAZA-SGroup,Yes,Yes,,28
,Existing Sites (P1 & P2 Launch),7575,PIZAZA - Hendon,PIZAZA-SGroup,Yes,Yes,,17
,Existing Sites (P1 & P2 Launch),377419,Remedy Kitchen - Editions - ACT,Jakob's Kitchen - Remedy,Yes,Yes,,27
,Existing Sites (P1 & P2 Launch),548108,Remedy Kitchen - Editions - BSY,Jakob's Kitchen - Remedy,Yes,Yes,,37
,Existing Sites (P1 & P2 Launch),261779,Remedy Kitchen - Editions - BYR,Jakob's Kitchen - Remedy,Yes,Yes,,24
,Existing Sites (P1 & P2 Launch),634610,Remedy Kitchen - Editions - CAN,Jakob's Kitchen,Yes,Yes,,25
,Existing Sites (P1 & P2 Launch),519026,Remedy Kitchen - Editions - WHI,Jakob's Kitchen - Remedy,Yes,Yes,,34
,Existing Sites (P1 & P2 Launch),293018,Remedy Kitchen - Haverstock Hill,Jakob's Kitchen - Remedy,Yes,Yes,,26
,Existing Sites (P1 & P2 Launch),514151,Remedy Kitchen - Wandsworth Road,Jakob's Kitchen - Remedy,Yes,Yes,,25
,Existing Sites (P1 & P2 Launch),396983,Renao xian,Xian Street Food,Yes,Yes,,5
,Existing Sites (P1 & P2 Launch),214495,Saravana Bhavan - Harrow,Saravana Bhavan,Yes,Yes,,12
,Existing Sites (P1 & P2 Launch),214490,Saravana Bhavan - Ilford,Saravana Bhavan,Yes,Yes,,26
,Existing Sites (P1 & P2 Launch),214186,Saravana Bhavan - Southall,Saravana Bhavan,Yes,Yes,,19
,Existing Sites (P1 & P2 Launch),7595,SoYo,SOYO-SGroup,Yes,Yes,,26
,Existing Sites (P1 & P2 Launch),114443,Soyo - Edgware,SOYO-SGroup,Yes,Yes,,17
,Existing Sites (P1 & P2 Launch),367372,The Tiffin Tin,Tiffin Tin,Yes,Yes,,16
,Existing Sites (P1 & P2 Launch),508898,The Tiffin Tin - West Hampstead,Tiffin Tin,Yes,Yes,,15
,Existing Sites (P1 & P2 Launch),613581,Tiffin Tin - Totteridge (Core),Tiffin Tin,Yes,Yes,,17
,Existing Sites (P1 & P2 Launch),415682,Tiffin Tin (wan),Tiffin Tin,Yes,Yes,,13
,Existing Sites (P1 & P2 Launch),411983,Ting Thai - Byres Road,Ting Thai,Yes,Yes,,16
,Existing Sites (P1 & P2 Launch),335989,Ting Thai - West Nile Street,Ting Thai,Yes,Yes,,19
,Existing Sites (P1 & P2 Launch),235544,Ting Thai Lothian Road,Ting Thai,Yes,Yes,,17
,Existing Sites (P1 & P2 Launch),108377,Ting Thai Teviot Place,Ting Thai,Yes,Yes,,15
,Existing Sites (P1 & P2 Launch),318272,TUK TUK - Golders Green,TUK TUK-SGroup,Yes,Yes,,29
,Existing Sites (P1 & P2 Launch),41260,Wagamama - Basingstoke - 129,Wagamama,Yes,Yes,,4
,Existing Sites (P1 & P2 Launch),7009,Wagamama - Bath - 150,Wagamama,Yes,Yes,,8
,Existing Sites (P1 & P2 Launch),542813,Wagamama - Battersea Power Station - 282,Wagamama,Yes,Yes,,9
,Existing Sites (P1 & P2 Launch),4281,Wagamama - Birmingham New Street - 218,Wagamama,Yes,Yes,,18
,Existing Sites (P1 & P2 Launch),515850,Wagamama - Bletchley - 254,Wagamama,Yes,Yes,,10
,Existing Sites (P1 & P2 Launch),143012,Wagamama - Bluewater - 180,Wagamama,Yes,Yes,,6
,Existing Sites (P1 & P2 Launch),11931,Wagamama - Bournemouth - 151,Wagamama,Yes,Yes,,10
,Existing Sites (P1 & P2 Launch),173629,Wagamama - Bracknell - 243,Wagamama,Yes,Yes,,7
,Existing Sites (P1 & P2 Launch),445093,Wagamama - Braintree Village - 273,Wagamama,Yes,Yes,,6
,Existing Sites (P1 & P2 Launch),12404,Wagamama - Brent Cross - 125,Wagamama,Yes,Yes,,17
,Existing Sites (P1 & P2 Launch),4296,Wagamama - Brighton Central - 132,Wagamama,Yes,Yes,,7
,Existing Sites (P1 & P2 Launch),12187,Wagamama - Bristol Cabot Circus - 200,Wagamama,Yes,Yes,,16
,Existing Sites (P1 & P2 Launch),4951,Wagamama - Bristol Clifton - 116,Wagamama,Yes,Yes,,16
,Existing Sites (P1 & P2 Launch),233964,Wagamama - Bristol Cribbs Causeway - 198,Wagamama,Yes,Yes,,13
,Existing Sites (P1 & P2 Launch),44065,Wagamama - Bromley - 232,Wagamama,Yes,Yes,,28
,Existing Sites (P1 & P2 Launch),78293,Wagamama - Camberley - 171,Wagamama,Yes,Yes,,12
,Existing Sites (P1 & P2 Launch),193364,Wagamama - Cambridge Leisure - 257,Wagamama,Yes,Yes,,4
,Existing Sites (P1 & P2 Launch),8310,Wagamama - Camden - 105,Wagamama,Yes,Yes,,11
,Existing Sites (P1 & P2 Launch),12405,Wagamama - Canary Wharf - 121,Wagamama,Yes,Yes,,7
,Existing Sites (P1 & P2 Launch),41183,Wagamama - Canterbury - 133,Wagamama,Yes,Yes,,5
,Existing Sites (P1 & P2 Launch),12185,Wagamama - Cardiff Library - 165,Wagamama,Yes,Yes,,11
,Existing Sites (P1 & P2 Launch),12183,Wagamama - Cardiff Mermaid Quay - 160,Wagamama,Yes,Yes,,13
,Existing Sites (P1 & P2 Launch),164101,Wagamama - Chelmsford - 248,Wagamama,Yes,Yes,,10
,Existing Sites (P1 & P2 Launch),66507,Wagamama - Cheltenham - 242,Wagamama,Yes,Yes,,14
,Existing Sites (P1 & P2 Launch),43897,Wagamama - Chichester - 202,Wagamama,Yes,Yes,,5
,Existing Sites (P1 & P2 Launch),8317,Wagamama - Clink Street - 137,Wagamama,Yes,Yes,,15
,Existing Sites (P1 & P2 Launch),78296,Wagamama - Colchester - 245,Wagamama,Yes,Yes,,4
,Existing Sites (P1 & P2 Launch),41246,Wagamama - Croydon - 143,Wagamama,Yes,Yes,,23
,Existing Sites (P1 & P2 Launch),3862,Wagamama - Ealing - 186,Wagamama,Yes,Yes,,24
,Existing Sites (P1 & P2 Launch),6989,Wagamama - Edinburgh Lothian Road - 177,Wagamama,Yes,Yes,,17
,Existing Sites (P1 & P2 Launch),228622,Wagamama - Enfield Southbury Leisure Park - 263,Wagamama,Yes,Yes,,19
,Existing Sites (P1 & P2 Launch),620972,Wagamama - Epsom - 289,Wagamama,Yes,Yes,,12
,Existing Sites (P1 & P2 Launch),13344,Wagamama - Finchley Great North Leisure Park - 194,Wagamama,Yes,Yes,,24
,Existing Sites (P1 & P2 Launch),324903,Wagamama - Forest Hill Delivery Kitchen - 607,Wagamama,Yes,Yes,,33
,Existing Sites (P1 & P2 Launch),8319,Wagamama - Fulham Broadway - 187,Wagamama,Yes,Yes,,5
,Existing Sites (P1 & P2 Launch),12445,Wagamama - Glasgow City Centre - 123,Wagamama,Yes,Yes,,19
,Existing Sites (P1 & P2 Launch),14358,Wagamama - Glasgow Silverburn - 155,Wagamama,Yes,Yes,,21
,Existing Sites (P1 & P2 Launch),624271,Wagamama - Glasgow St Enoch - 288,Wagamama,Yes,Yes,,18
,Existing Sites (P1 & P2 Launch),11933,Wagamama - Guildford - 120,Wagamama,Yes,Yes,,6
,Existing Sites (P1 & P2 Launch),12409,Wagamama - Hammersmith - 199,Wagamama,Yes,Yes,,7
,Existing Sites (P1 & P2 Launch),8315,Wagamama - Hampstead - 184,Wagamama,Yes,Yes,,22
,Existing Sites (P1 & P2 Launch),531242,Wagamama - Hatfield Gelleria - 280,Wagamama,Yes,Yes,,9
,Existing Sites (P1 & P2 Launch),41193,Wagamama - Horsham - 174,Wagamama,Yes,Yes,,5
,Existing Sites (P1 & P2 Launch),12410,Wagamama - Islington - 118,Wagamama,Yes,Yes,,25
,Existing Sites (P1 & P2 Launch),12411,Wagamama - Kensington - 106,Wagamama,Yes,Yes,,7
,Existing Sites (P1 & P2 Launch),12412,Wagamama - Kingston - 110,Wagamama,Yes,Yes,,16
,Existing Sites (P1 & P2 Launch),21013,Wagamama - Leamington Spa - 185,Wagamama,Yes,Yes,,16
,Existing Sites (P1 & P2 Launch),216094,Wagamama - Leeds Trinity - 196,Wagamama,Yes,Yes,,16
,Existing Sites (P1 & P2 Launch),12316,Wagamama - Liverpool One - 163,Wagamama,Yes,Yes,,7
,Existing Sites (P1 & P2 Launch),322298,Wagamama - Liverpool Speke - 246,Wagamama,Yes,Yes,,8
,Existing Sites (P1 & P2 Launch),183212,Wagamama - Manchester Didsbury - 256,Wagamama,Yes,Yes,,15
,Existing Sites (P1 & P2 Launch),13734,Wagamama - Manchester Media City - 181,Wagamama,Yes,Yes,,18
,Existing Sites (P1 & P2 Launch),21725,Wagamama - Milton Keynes City Centre - 138,Wagamama,Yes,Yes,,10
,Existing Sites (P1 & P2 Launch),19849,Wagamama - Milton Keynes Xscape - 203,Wagamama,Yes,Yes,,11
,Existing Sites (P1 & P2 Launch),12389,Wagamama - North Greenwich o2 - 172,Wagamama,Yes,Yes,,6
,Existing Sites (P1 & P2 Launch),12072,Wagamama - Norwich Chapel Field - 140,Wagamama,Yes,Yes,,4
,Existing Sites (P1 & P2 Launch),515851,Wagamama - Norwich Riverside - 279,Wagamama,Yes,Yes,,13
,Existing Sites (P1 & P2 Launch),12086,Wagamama - Nottingham - 111,Wagamama,Yes,Yes,,12
,Existing Sites (P1 & P2 Launch),393248,Wagamama - Nottingham West Bridgford - 265,Wagamama,Yes,Yes,,15
,Existing Sites (P1 & P2 Launch),196236,Wagamama - Old Street - 252,Wagamama,Yes,Yes,,7
,Existing Sites (P1 & P2 Launch),11977,Wagamama - Oxford - 152,Wagamama,Yes,Yes,,7
,Existing Sites (P1 & P2 Launch),337187,Wagamama - Paddington - 266,Wagamama,Yes,Yes,,6
,Existing Sites (P1 & P2 Launch),15040,Wagamama - Portsmouth Gunwharf Quays - 169,Wagamama,Yes,Yes,,9
,Existing Sites (P1 & P2 Launch),12414,Wagamama - Putney - 128,Wagamama,Yes,Yes,,8
,Existing Sites (P1 & P2 Launch),267325,Wagamama - Reading - 130,Wagamama,Yes,Yes,,8
,Existing Sites (P1 & P2 Launch),88924,Wagamama - Reigate - 244,Wagamama,Yes,Yes,,6
,Existing Sites (P1 & P2 Launch),12415,Wagamama - Richmond - 126,Wagamama,Yes,Yes,,16
,Existing Sites (P1 & P2 Launch),487722,Wagamama - Romford - 271,Wagamama,Yes,Yes,,12
,Existing Sites (P1 & P2 Launch),7694,Wagamama - Sheffield City Centre - 159,Wagamama,Yes,Yes,,14
,Existing Sites (P1 & P2 Launch),11932,Wagamama - Southampton Westquay - 191,Wagamama,Yes,Yes,,8
,Existing Sites (P1 & P2 Launch),17206,Wagamama - St Albans - 117,Wagamama,Yes,Yes,,10
,Existing Sites (P1 & P2 Launch),112180,Wagamama - St Pauls - 235,Wagamama,Yes,Yes,,8
,Existing Sites (P1 & P2 Launch),99851,Wagamama - Staines - 230,Wagamama,Yes,Yes,,16
,Existing Sites (P1 & P2 Launch),183209,Wagamama - Stevenage - 253,Wagamama,Yes,Yes,,8
,Existing Sites (P1 & P2 Launch),8288,Wagamama - Tower Place - 122,Wagamama,Yes,Yes,,5
,Existing Sites (P1 & P2 Launch),167614,Wagamama - Tunbridge Wells - 127,Wagamama,Yes,Yes,,6
,Existing Sites (P1 & P2 Launch),41258,Wagamama - Uxbridge - 217,Wagamama,Yes,Yes,,20
,Existing Sites (P1 & P2 Launch),12418,Wagamama - Victoria - 139,Wagamama,Yes,Yes,,7
,Existing Sites (P1 & P2 Launch),103333,Wagamama - Walton - 154,Wagamama,Yes,Yes,,18
,Existing Sites (P1 & P2 Launch),12419,Wagamama - Wandsworth - 195,Wagamama,Yes,Yes,,6
,Existing Sites (P1 & P2 Launch),12422,Wagamama - Watford Central - 192,Wagamama,Yes,Yes,,13
,Existing Sites (P1 & P2 Launch),634625,Wagamama - Watford Woodside - 294,Wagamama,Yes,Yes,,12
,Existing Sites (P1 & P2 Launch),20032,Wagamama - Wembley - 205,Wagamama,Yes,Yes,,16
,Existing Sites (P1 & P2 Launch),12424,Wagamama - Westfield Stratford - 178,Wagamama,Yes,Yes,,18
,Existing Sites (P1 & P2 Launch),12425,Wagamama - Wigmore Street - 104,Wagamama,Yes,Yes,,9
,Existing Sites (P1 & P2 Launch),12426,Wagamama - Wimbledon - 134,Wagamama,Yes,Yes,,15
,Existing Sites (P1 & P2 Launch),41261,Wagamama - Winchester - 223,Wagamama,Yes,Yes,,6
,Existing Sites (P1 & P2 Launch),41185,Wagamama - Windsor - 147,Wagamama,Yes,Yes,,14
,Existing Sites (P1 & P2 Launch),6683,Wagamama - York City Centre - 182,Wagamama,Yes,Yes,,10
,Existing Sites (P1 & P2 Launch),716496,Wagamama - Dublin Liffey valley - 300,Wagamama,Yes,Yes,,16
,Existing Sites (P1 & P2 Launch),119546,Xian Street Food - Dublin,Xian Street Food,Yes,Yes,,26
,Existing Sites (P1 & P2 Launch),267558,Xian Street Food -Redfining Noodles (Earl St North),Xian Street Food,Yes,Yes,,25
,Existing Sites (P1 & P2 Launch),541543,Xian Street Food Ballyfermot,Xian Street Food,Yes,Yes,,17
,Existing Sites (P1 & P2 Launch),53798,Xian Street Food Galway,Xian Street Food,Yes,Yes,,5
,Existing Sites (P1 & P2 Launch),689710,Yacob's Kitchen,Jakob's Kitchen,Yes,Yes,,34
,Existing Sites (P1 & P2 Launch),379890,Zambrero,Zambrero UK,Yes,Yes,,17
,Existing Sites (P1 & P2 Launch),627134,Zambrero - Battersea,Zambrero UK,Yes,Yes,,24
,Existing Sites (P1 & P2 Launch),591919,Zambrero - Birmingham,Zambrero UK,Yes,Yes,,21
,Existing Sites (P1 & P2 Launch),444324,Zambrero - Chelmsford,Zambrero UK,Yes,Yes,,9
,Existing Sites (P1 & P2 Launch),471175,Zambrero - Crouch End,Zambrero UK,Yes,Yes,,22
,Existing Sites (P1 & P2 Launch),613052,Zambrero - Eastcheap,Zambrero UK,Yes,Yes,,28
,Existing Sites (P1 & P2 Launch),542510,Zambrero - Queen Victoria Street,Zambrero UK,Yes,Yes,,8
,Existing Sites (P1 & P2 Launch),340439,Zambrero Kentish Town,Zambrero UK,Yes,Yes,,16
,Existing Sites (P1 & P2 Launch),434156,Zambrero London Road,Zambrero UK,Yes,Yes,,19
,Existing Sites (P1 & P2 Launch),238134,Zumuku Sushi Didsbury,Zumuku Sushi,Yes,Yes,,15
,Existing Sites (P1 & P2 Launch),98823,Zumuku - Editions - SAL,Zumuku,Yes,Yes,,22
,Existing Sites (P1 & P2 Launch),339169,Giggling Squid - Harborne,Giggling Squid,Yes,Yes,,23
,Existing Sites (P1 & P2 Launch),10035,Giggling Squid - Brighton,Giggling Squid,Yes,Yes,,6
,Existing Sites (P1 & P2 Launch),32599,Giggling Squid - Hove,Giggling Squid,Yes,Yes,,5
,Existing Sites (P1 & P2 Launch),4980,Giggling Squid - Clifton,Giggling Squid,Yes,Yes,,17
,Existing Sites (P1 & P2 Launch),585961,Giggling Squid - Bracknell,Giggling Squid,Yes,Yes,,7
,Existing Sites (P1 & P2 Launch),184452,Giggling Squid - Farnham,Giggling Squid,Yes,Yes,,11
,Existing Sites (P1 & P2 Launch),176737,Giggling Squid - Wokingham,Giggling Squid,Yes,Yes,,7
,Existing Sites (P1 & P2 Launch),273639,Giggling Squid - Cambridge,Giggling Squid,Yes,Yes,,4
,Existing Sites (P1 & P2 Launch),629598,Giggling Squid - Cardiff Bay,Giggling Squid,Yes,Yes,,12
,Existing Sites (P1 & P2 Launch),394469,Giggling Squid - Chelmsford,Giggling Squid,Yes,Yes,,11
,Existing Sites (P1 & P2 Launch),147452,Giggling Squid - Cheltenham,Giggling Squid,Yes,Yes,,14
,Existing Sites (P1 & P2 Launch),40040,Giggling Squid - Warwick,Giggling Squid,Yes,Yes,,11
,Existing Sites (P1 & P2 Launch),227149,Giggling Squid - Leamington Spa,Giggling Squid,Yes,Yes,,11
,Existing Sites (P1 & P2 Launch),35962,Giggling Squid - Horsham,Giggling Squid,Yes,Yes,,5
,Existing Sites (P1 & P2 Launch),712580,Giggling Squid - Leeds,Giggling Squid,Yes,Yes,,16
,Existing Sites (P1 & P2 Launch),69500,Giggling Squid - Wimbledon,Giggling Squid,Yes,Yes,,17
,Existing Sites (P1 & P2 Launch),44645,Giggling Squid - Berkhamsted,Giggling Squid,Yes,Yes,,7
,Existing Sites (P1 & P2 Launch),227152,Giggling Squid - Weybridge,Giggling Squid,Yes,Yes,,16
,Existing Sites (P1 & P2 Launch),394470,Giggling Squid - Welwyn Garden City,Giggling Squid,Yes,Yes,,10
,Existing Sites (P1 & P2 Launch),109661,Giggling Squid - Kingston,Giggling Squid,Yes,Yes,,12
,Existing Sites (P1 & P2 Launch),10037,Giggling Squid - Guildford,Giggling Squid,Yes,Yes,,6
,Existing Sites (P1 & P2 Launch),42828,Giggling Squid - Esher,Giggling Squid,Yes,Yes,,18
,Existing Sites (P1 & P2 Launch),394468,Giggling Squid - Hornchurch,Giggling Squid,Yes,Yes,,13
,Existing Sites (P1 & P2 Launch),321288,Giggling Squid - Beaconsfield,Giggling Squid,Yes,Yes,,10
,Existing Sites (P1 & P2 Launch),184453,Giggling Squid - Chislehurst,Giggling Squid,Yes,Yes,,31
,Existing Sites (P1 & P2 Launch),184450,Giggling Squid - Harpenden,Giggling Squid,Yes,Yes,,10
,Existing Sites (P1 & P2 Launch),32947,Giggling Squid - Norwich,Giggling Squid,Yes,Yes,,13
,Existing Sites (P1 & P2 Launch),371034,Giggling Squid West Bridgford,Giggling Squid,Yes,Yes,,15
,Existing Sites (P1 & P2 Launch),91120,Giggling Squid - Chichester,Giggling Squid,Yes,Yes,,5
,Existing Sites (P1 & P2 Launch),374528,Giggling Squid - Henley,Giggling Squid,Yes,Yes,,6
,Existing Sites (P1 & P2 Launch),24078,Giggling Squid - Tunbridge Wells,Giggling Squid,Yes,Yes,,6
,Existing Sites (P1 & P2 Launch),529792,Giggling Squid - Winchester,Giggling Squid,Yes,Yes,,6
,Ire Launch,29686,Tadka House - Rathmines,Tadka House,Yes,Yes,,20
,Ire Launch,155979,Umi Falafel - Mary St,Umi Falafel,Yes,Yes,,20
,Ire Launch,27367,Umi Falafel - Rathmines,Umi Falafel,Yes,Yes,,16
,Ire Launch,68396,Umi Falafel (George's St Arcade),Umi Falafel,Yes,Yes,,16
,Ire Launch,630024,Taste of Hong Kong-DNC,Taste of Hong Kong,Yes,Yes,,25
,Ire Launch,722098,Tula Mexican - Lower Baggot Street,Tula,Yes,Yes,,22
,Ire Launch,545207,Zaatar Rathmines,Zaatar Rathmines,Yes,Yes,,16
,Ire Launch,422537,Shaku Maku,Shaku Maku,Yes,Yes,,19
,Deepening Supply: Existing Px,3190,LEON - Strand,LEON,Yes,Yes,,7
,Deepening Supply: Existing Px,5318,Pho - Manchester,Pho,Yes,Yes,,18
,Deepening Supply: Existing Px,6927,5113344 - Bella Italia Pizza & Pasta - Leeds Briggate,Bella Italia,Yes,Yes,,13
,Deepening Supply: Existing Px,7867,Wagamama - Manchester Printworks - 108,Wagamama,Yes,Yes,,6
,Deepening Supply: Existing Px,12089,Wagamama - Birmingham Brindley Place - 179,Wagamama,Yes,Yes,,18
,Deepening Supply: Existing Px,12313,Wagamama - Manchester St Peter's Square - 239,Wagamama,Yes,Yes,,16
,Deepening Supply: Existing Px,12408,Wagamama - Great Marlborough Street - 221,Wagamama,Yes,Yes,,9
,Deepening Supply: Existing Px,13576,Pho - Birmingham,Pho,Yes,Yes,,18
,Deepening Supply: Existing Px,19314,9221350 - Las Iguanas - Wembley,Las Iguanas,Yes,Yes,,13
,Deepening Supply: Existing Px,20635,LEON - Kingsway,LEON,Yes,Yes,,3
,Deepening Supply: Existing Px,21499,Farmer J - Finsbury,Farmer J,Yes,Yes,,26
,Deepening Supply: Existing Px,22605,LEON - Ludgate Circus,LEON,Yes,Yes,,6
,Deepening Supply: Existing Px,24431,LEON - Broadwick Street,LEON,Yes,Yes,,7
,Deepening Supply: Existing Px,26896,LEON - Brunswick,LEON,Yes,Yes,,3
,Deepening Supply: Existing Px,35199,itsu - Piccadilly 167,Itsu,Yes,Yes,,12
,Deepening Supply: Existing Px,35302,Giggling Squid - Reigate,Giggling Squid,Yes,Yes,,6
,Deepening Supply: Existing Px,48624,Wagamama - Edinburgh St Andrew Square - 238,Wagamama,Yes,Yes,,15
,Deepening Supply: Existing Px,71729,Wagamama - Sevenoaks - 206,Wagamama,Yes,Yes,,8
,Deepening Supply: Existing Px,74422,itsu - High Holborn 236,Itsu,Yes,Yes,,3
,Deepening Supply: Existing Px,81851,Wagamama - Leeds White Rose - 241,Wagamama,Yes,Yes,,27
,Deepening Supply: Existing Px,90751,Giggling Squid - Bath,Giggling Squid,Yes,Yes,,8
,Deepening Supply: Existing Px,98636,Farmer J - Jubilee,Farmer J,Yes,Yes,,35
,Deepening Supply: Existing Px,111307,Giggling Squid - Windsor,Giggling Squid,Yes,Yes,,15
,Deepening Supply: Existing Px,143437,9015490 - Bella Italia Pizza & Pasta - Dudley Castlegate,Bella Italia,Yes,Yes,,8
,Deepening Supply: Existing Px,164537,Giggling Squid - Oxford,Giggling Squid,Yes,Yes,,10
,Deepening Supply: Existing Px,195227,atis - Old Street,atis,Yes,Yes,,19
,Deepening Supply: Existing Px,222675,9015300 - Bella Italia Pizza & Pasta - York Clifton Moor,Bella Italia,Yes,Yes,,7
,Deepening Supply: Existing Px,271001,itsu - Great Portland Street,Itsu,Yes,Yes,,4
,Deepening Supply: Existing Px,277229,Wagamama - Crawley - 264,Wagamama,Yes,Yes,,10
,Deepening Supply: Existing Px,332081,Wagamama - Glasgow Fort - 222,Wagamama,Yes,Yes,,16
,Deepening Supply: Existing Px,383635,Pho - Edinburgh,Pho,Yes,Yes,,14
,Deepening Supply: Existing Px,423102,atis - Notting Hill,atis,Yes,Yes,,21
,Deepening Supply: Existing Px,480239,LEON - Carnaby Street,LEON,Yes,Yes,,6
,Deepening Supply: Existing Px,498599,atis - Canary Wharf,atis,Yes,Yes,,36
,Deepening Supply: Existing Px,508896,The Tiffin Tin - Tufnell Park,Tiffin Tin,Yes,Yes,,16
,Deepening Supply: Existing Px,558160,Wagamama - Merry Hill - 285,Wagamama,Yes,Yes,,16
,Deepening Supply: Existing Px,569752,Wagamama - Holborn new - 188,Wagamama,Yes,Yes,,20
,Deepening Supply: Existing Px,580593,Zambrero - Manchester,Zambrero UK,Yes,Yes,,19
,Deepening Supply: Existing Px,582557,Pho - Liverpool 2,Pho,Yes,Yes,,5
,Deepening Supply: Existing Px,662718,Farmer J - Holborn,Farmer J,Yes,Yes,,30
,Deepening Supply: Existing Px,666476,9114050 - Bella Italia Pizza & Pasta - Bristol Aspects,Bella Italia,Yes,Yes,,12
,Deepening Supply: Existing Px,673161,Wagamama - Leeds the Springs - 296,Wagamama,Yes,Yes,,15
,Deepening Supply: Existing Px,678812,Giggling Squid - Portsmouth,Giggling Squid,Yes,Yes,,8
,Deepening Supply: Existing Px,680476,atis - Editions - WNW,atis,Yes,Yes,,17
,Deepening Supply: Existing Px,687463,Zambrero Manchester Cross Street,Zambrero UK,Yes,Yes,,15
,Deepening Supply: Existing Px,698809,Farmer J - Russell Square,Farmer J,Yes,Yes,,30
,Deepening Supply: Existing Px,717413,Pho - Tunbridge Wells,Pho,Yes,Yes,,5
,Deepening Supply: Existing Px,719871,atis - Battersea,atis,Yes,Yes,,16
,Deepening Supply: Existing Px,722771,itsu - Edinburgh,Itsu,Yes,Yes,,13
,Deepening Supply: Existing Px,732085,Wagamama - Dublin Dundrum - 301,Wagamama,Yes,Yes,,14
,Deepening Supply: Existing Px,741929,Giggling Squid - York,Giggling Squid,Yes,Yes,,10